t	phase	MemAvailable	MemFree	residual	SwapUsed	Cached
0.0	start	117.98	90.80	1.16	1.67	27.93
0.5	start	117.87	90.63	1.16	1.67	28.00
1.0	start	117.75	90.41	1.16	1.67	28.10
1.5	start	117.67	90.31	1.15	1.67	28.12
2.0	start	117.61	90.23	1.15	1.67	28.14
2.5	start	117.56	90.16	1.15	1.67	28.16
3.0	start	117.54	90.13	1.15	1.67	28.17
3.6	start	117.54	90.12	1.15	1.67	28.17
4.1	start	117.54	90.10	1.14	1.67	28.19
4.6	start	117.56	90.09	1.10	1.67	28.22
5.1	start	117.52	90.04	1.10	1.67	28.24
5.6	start	117.47	89.96	1.11	1.67	28.26
6.1	start	117.41	89.87	1.11	1.67	28.29
6.6	start	117.40	89.62	1.10	1.67	28.54
7.1	start	117.25	89.46	1.10	1.67	28.54
7.6	start	117.11	89.32	1.10	1.67	28.54
8.1	start	117.03	89.24	1.11	1.67	28.54
8.6	start	116.98	89.18	1.11	1.67	28.54
9.1	start	116.96	89.17	1.11	1.67	28.54
9.6	start	116.91	89.12	1.11	1.67	28.54
10.1	start	116.85	89.06	1.11	1.67	28.54
10.6	start	116.81	89.02	1.11	1.67	28.54
11.1	start	116.79	89.00	1.11	1.67	28.54
11.6	start	116.29	88.50	1.14	1.67	28.55
12.1	start	116.12	88.33	1.15	1.67	28.55
12.6	start	116.20	88.40	1.68	1.67	28.55
13.2	start	116.36	88.57	1.68	1.67	28.55
13.7	start	116.00	88.21	1.68	1.67	28.55
14.2	start	116.15	88.36	1.89	1.67	28.55
14.7	start	116.06	88.27	1.87	1.67	28.55
15.2	start	116.00	88.21	1.88	1.67	28.55
15.7	start	115.96	88.17	1.87	1.67	28.55
16.2	start	115.98	88.18	1.84	1.67	28.55
16.7	start	115.93	88.13	1.84	1.67	28.55
17.2	start	115.87	88.08	1.84	1.67	28.55
17.7	start	115.84	88.04	1.82	1.67	28.55
18.2	start	115.84	88.05	1.80	1.67	28.55
18.7	start	115.60	87.81	1.51	1.67	28.55
19.2	start	115.80	88.00	1.53	1.67	28.55
19.7	start	116.76	88.97	1.48	1.67	28.55
20.2	start	116.72	88.92	1.48	1.67	28.55
20.7	start	116.53	88.74	1.48	1.67	28.55
21.2	start	116.51	88.71	1.46	1.67	28.55
21.7	start	116.49	88.69	1.46	1.67	28.55
22.2	start	116.38	88.58	1.46	1.67	28.55
22.7	start	116.32	88.53	1.45	1.67	28.55
23.2	start	116.32	88.52	1.44	1.67	28.55
23.8	start	116.20	88.41	1.44	1.67	28.55
24.3	start	116.20	88.41	1.44	1.67	28.55
24.8	start	116.14	88.34	1.43	1.67	28.55
25.3	start	116.04	88.25	1.43	1.67	28.55
25.8	start	116.05	88.25	1.43	1.67	28.55
26.3	start	116.02	88.23	1.41	1.67	28.55
26.8	start	115.83	88.03	1.44	1.67	28.55
27.3	start	115.68	87.88	1.32	1.67	28.55
27.8	start	115.55	87.76	1.27	1.67	28.55
28.3	start	115.50	87.70	1.27	1.67	28.55
28.8	start	115.37	87.57	1.28	1.67	28.55
29.3	start	115.29	87.49	1.27	1.67	28.55
29.8	start	115.14	87.35	1.28	1.67	28.55
30.3	start	115.07	87.27	1.51	1.67	28.55
30.8	start	115.05	87.25	1.52	1.67	28.55
31.3	start	114.45	86.65	1.42	1.67	28.55
31.8	start	114.20	86.41	1.40	1.67	28.55
32.3	start	114.59	86.79	1.56	1.67	28.55
32.8	start	114.53	86.74	1.53	1.67	28.55
33.3	start	114.52	86.73	1.52	1.67	28.55
33.8	start	114.52	86.72	1.47	1.67	28.55
34.4	start	114.47	86.68	1.49	1.67	28.55
34.9	start	114.43	86.63	1.49	1.67	28.55
35.4	start	114.41	86.61	1.43	1.67	28.55
35.9	start	114.08	86.28	1.41	1.67	28.55
36.4	start	113.54	85.73	1.63	1.67	28.60
36.9	start	113.46	85.65	2.02	1.67	28.64
37.4	start	111.18	83.36	4.11	1.67	28.65
37.9	start	109.08	81.21	6.02	1.67	28.70
38.4	start	96.03	68.16	17.80	1.67	28.70
38.9	start	83.52	55.65	30.03	1.67	28.70
39.4	start	70.95	43.08	42.40	1.67	28.70
39.9	start	58.54	30.67	54.60	1.67	28.70
40.4	start	45.79	17.92	67.14	1.67	28.70
40.9	start	39.04	11.13	73.69	1.67	28.73
41.4	start	39.02	11.08	73.73	1.67	28.76
41.9	start	38.96	10.99	73.72	1.67	28.80
42.4	start	38.90	10.89	73.73	1.67	28.83
42.9	start	38.84	10.80	73.73	1.67	28.87
43.4	start	38.77	10.69	73.74	1.67	28.91
44.0	start	38.84	10.73	73.94	1.67	28.94
44.5	start	38.78	10.63	73.93	1.67	28.98
45.0	start	38.72	10.53	73.94	1.67	29.02
45.5	start	38.64	10.42	73.95	1.67	29.05
46.0	start	38.58	10.32	73.95	1.67	29.09
46.5	start	38.52	10.22	73.95	1.67	29.13
47.0	start	38.78	10.44	73.96	1.67	29.17
47.5	start	38.72	10.35	73.96	1.67	29.20
48.0	start	38.65	10.24	73.97	1.67	29.24
48.5	start	38.59	10.15	73.97	1.67	29.27
49.0	start	38.52	10.04	73.98	1.67	29.31
49.5	start	38.79	10.27	73.98	1.67	29.35
50.0	start	38.72	10.17	73.99	1.67	29.38
50.5	start	38.66	10.07	73.99	1.67	29.42
51.0	start	38.59	9.97	74.00	1.67	29.45
51.5	start	38.53	9.87	74.01	1.67	29.49
52.0	start	38.46	9.77	74.01	1.67	29.52
52.5	start	38.74	10.01	74.01	1.67	29.56
53.0	start	38.67	9.91	74.02	1.67	29.59
53.5	start	38.61	9.81	74.02	1.67	29.63
54.1	start	38.55	9.71	74.02	1.67	29.67
54.6	start	38.49	9.62	74.03	1.67	29.70
55.1	start	38.74	9.84	74.04	1.67	29.74
55.6	start	38.67	9.73	74.05	1.67	29.78
56.1	start	38.61	9.63	74.05	1.67	29.81
56.6	start	38.55	9.53	74.05	1.67	29.85
57.1	start	38.48	9.43	74.06	1.67	29.88
57.6	start	38.42	9.34	74.06	1.67	29.92
58.1	start	38.68	9.55	74.07	1.67	29.96
58.6	start	38.62	9.46	74.07	1.67	29.99
59.1	start	38.55	9.35	74.08	1.67	30.03
59.6	start	38.50	9.26	74.08	1.67	30.06
60.1	start	38.43	9.17	74.08	1.67	30.10
60.6	start	38.53	9.22	74.07	1.67	30.14
61.1	start	38.65	9.32	74.08	1.67	30.17
61.6	start	38.60	9.22	74.07	1.67	30.21
62.1	start	38.54	9.13	74.07	1.67	30.24
62.6	start	38.49	9.04	74.06	1.67	30.28
63.1	start	38.42	8.93	74.07	1.67	30.31
63.6	start	38.70	9.18	74.07	1.67	30.35
64.2	start	38.63	9.07	74.08	1.67	30.38
64.7	start	38.58	8.99	74.06	1.67	30.42
65.2	start	38.51	8.88	74.07	1.67	30.46
65.7	start	38.45	8.78	74.07	1.67	30.50
66.2	start	38.38	8.68	74.07	1.67	30.53
66.7	start	38.65	8.91	74.08	1.67	30.57
67.2	start	38.58	8.81	74.08	1.67	30.61
67.7	start	38.50	8.67	74.09	1.67	30.66
68.2	start	38.41	8.53	74.10	1.67	30.70
68.7	start	38.65	8.73	74.11	1.67	30.75
69.2	start	38.59	8.62	74.09	1.67	30.80
69.7	start	38.51	8.50	74.10	1.67	30.84
70.2	start	38.44	8.39	74.11	1.67	30.88
70.7	start	38.38	8.29	74.11	1.67	30.91
71.2	start	38.64	8.52	74.13	1.67	30.95
71.7	start	38.57	8.41	74.14	1.67	30.98
72.2	start	38.50	8.31	74.14	1.67	31.02
72.7	start	38.44	8.21	74.15	1.67	31.05
73.2	start	38.37	8.11	74.16	1.67	31.09
73.7	start	38.30	8.01	74.17	1.67	31.12
74.3	start	38.57	8.24	74.18	1.67	31.16
74.8	start	38.49	8.13	74.19	1.67	31.19
75.3	start	38.42	8.03	74.20	1.67	31.23
75.8	start	38.36	7.92	74.21	1.67	31.27
76.3	start	38.28	7.81	74.23	1.67	31.30
76.8	start	38.52	8.01	74.26	1.67	31.34
77.3	start	38.45	7.91	74.27	1.67	31.37
77.8	start	38.38	7.80	74.28	1.67	31.41
78.3	start	38.31	7.70	74.29	1.67	31.44
78.8	start	38.25	7.60	74.29	1.67	31.48
79.3	start	38.18	7.50	74.30	1.67	31.52
79.8	start	38.44	7.72	74.32	1.67	31.55
80.3	start	38.37	7.61	74.33	1.67	31.59
80.8	start	38.30	7.51	74.33	1.67	31.62
81.3	start	38.23	7.40	74.35	1.67	31.66
81.8	start	38.17	7.30	74.35	1.67	31.70
82.3	start	38.09	7.19	74.36	1.67	31.73
82.8	start	38.36	7.42	74.37	1.67	31.77
83.3	start	38.31	7.34	74.36	1.67	31.80
83.8	start	38.25	7.24	74.36	1.67	31.84
84.4	start	38.18	7.13	74.38	1.67	31.87
84.9	start	38.10	7.02	74.39	1.67	31.91
85.4	start	38.35	7.24	74.42	1.67	31.94
85.9	start	38.29	7.14	74.42	1.67	31.98
86.4	start	38.22	7.03	74.43	1.67	32.01
86.9	start	38.15	6.93	74.44	1.67	32.05
87.4	start	38.08	6.82	74.45	1.67	32.09
87.9	start	38.00	6.70	74.46	1.67	32.13
88.4	start	38.24	6.91	74.49	1.67	32.16
88.9	start	38.17	6.80	74.50	1.67	32.20
89.4	start	38.10	6.70	74.52	1.67	32.23
89.9	start	38.03	6.58	74.53	1.67	32.27
90.4	start	37.87	6.37	74.54	1.67	32.33
90.9	start	38.11	6.53	74.57	1.67	32.41
91.4	start	38.04	6.43	74.58	1.67	32.44
91.9	start	37.98	6.33	74.58	1.67	32.47
92.4	start	37.91	6.23	74.60	1.67	32.51
92.9	start	37.82	6.07	74.66	1.67	32.57
93.5	start	37.98	6.18	74.70	1.67	32.63
94.0	start	37.96	6.02	74.70	1.67	32.76
94.5	start	37.83	5.62	74.71	1.67	33.03
95.0	start	37.75	5.57	74.72	1.67	33.01
95.5	start	37.66	5.44	74.73	1.67	33.04
96.0	start	37.90	5.76	74.79	1.67	32.97
96.5	start	37.79	5.48	74.89	1.67	33.14
97.0	start	37.73	5.38	74.87	1.67	33.18
97.5	start	37.65	5.23	74.88	1.67	33.24
98.0	start	37.57	5.10	74.85	1.67	33.29
98.5	start	37.79	5.27	74.92	1.67	33.34
99.0	start	37.70	5.14	74.93	1.67	33.39
99.5	start	37.62	5.01	74.93	1.67	33.44
100.0	start	37.54	4.88	74.93	1.67	33.48
100.5	start	37.74	5.04	74.99	1.67	33.53
101.0	start	37.66	4.91	75.00	1.67	33.57
101.5	start	37.60	4.81	74.98	1.67	33.62
102.0	start	37.51	4.66	75.00	1.67	33.67
102.6	start	37.77	4.88	74.99	1.67	33.71
103.1	start	37.68	4.74	75.01	1.67	33.76
103.6	start	37.60	4.62	75.00	1.67	33.81
104.1	start	37.52	4.49	75.01	1.67	33.85
104.6	start	37.45	4.38	75.01	1.67	33.90
105.1	start	37.71	4.60	75.01	1.67	33.93
105.6	start	37.65	4.50	75.01	1.67	33.98
106.1	start	37.53	4.33	75.03	1.67	34.02
106.6	start	37.47	4.22	75.03	1.67	34.07
107.1	start	37.70	4.41	75.06	1.67	34.11
107.6	start	37.63	4.30	75.04	1.67	34.16
108.1	start	37.54	4.16	75.07	1.67	34.20
108.6	start	37.46	4.04	75.08	1.67	34.25
109.1	start	37.37	3.89	75.08	1.67	34.30
109.6	start	37.64	4.12	75.09	1.67	34.34
110.1	start	37.56	4.00	75.08	1.67	34.38
110.6	start	37.48	3.88	75.09	1.67	34.43
111.1	start	37.38	3.73	75.11	1.67	34.48
111.6	start	37.64	3.94	75.11	1.67	34.52
112.1	start	37.53	3.78	75.14	1.67	34.57
112.7	start	37.44	3.64	75.14	1.67	34.62
113.2	start	37.34	3.50	75.16	1.67	34.67
113.7	start	37.60	3.71	75.16	1.67	34.71
114.2	start	37.50	3.56	75.18	1.67	34.76
114.7	start	37.43	3.44	75.17	1.67	34.81
115.2	start	37.33	3.29	75.19	1.67	34.86
115.7	start	37.58	3.49	75.19	1.67	34.91
116.2	start	37.51	3.38	75.19	1.67	34.95
116.7	start	37.44	3.27	75.18	1.67	34.99
117.2	start	37.37	3.16	75.19	1.67	35.03
117.7	start	37.30	3.05	75.19	1.67	35.07
118.2	start	37.54	3.24	75.20	1.67	35.12
118.7	start	37.47	3.13	75.20	1.67	35.16
119.2	start	37.38	3.00	75.22	1.67	35.21
119.7	start	37.29	2.86	75.24	1.67	35.25
120.2	start	37.19	2.72	75.26	1.67	35.29
120.7	start	37.44	2.92	75.27	1.67	35.34
121.2	start	37.34	2.78	75.30	1.67	35.38
121.7	start	37.25	2.65	75.31	1.67	35.43
122.2	start	37.15	2.50	75.34	1.67	35.47
122.7	start	37.38	2.68	75.37	1.67	35.52
123.3	start	37.29	2.55	75.37	1.67	35.57
123.8	start	37.20	2.41	75.38	1.67	35.62
124.3	start	37.11	2.27	75.39	1.67	35.66
124.8	start	37.38	2.50	75.37	1.67	35.71
125.3	start	37.28	2.35	75.40	1.67	35.76
125.8	start	37.20	2.22	75.40	1.67	35.80
126.3	start	37.09	2.06	75.43	1.67	35.85
126.8	start	37.01	1.94	75.43	1.67	35.90
127.3	start	37.26	2.15	75.44	1.67	35.94
127.8	start	37.20	2.04	75.45	1.67	35.98
128.3	start	37.11	1.91	75.45	1.67	36.03
128.8	start	37.05	1.81	75.44	1.67	36.07
129.3	start	37.26	1.98	75.49	1.67	36.11
129.8	start	37.21	1.87	75.47	1.67	36.16
130.3	start	37.12	1.74	75.48	1.67	36.20
130.8	start	37.07	1.64	75.46	1.67	36.25
131.3	start	36.99	1.52	75.47	1.67	36.29
131.8	start	37.27	1.76	75.44	1.67	36.33
132.3	start	37.20	1.65	75.44	1.67	36.38
132.8	start	37.15	1.55	75.41	1.67	36.43
133.3	start	37.06	1.41	75.42	1.67	36.47
133.9	start	37.34	1.64	75.40	1.67	36.52
134.4	start	37.25	1.51	75.40	1.67	36.57
134.9	start	37.18	1.38	75.40	1.67	36.62
135.4	start	37.09	1.25	75.41	1.67	36.66
135.9	start	37.33	1.45	75.42	1.67	36.71
136.4	start	37.25	1.32	75.43	1.67	36.75
136.9	start	37.19	1.21	75.41	1.67	36.80
137.4	start	37.16	1.14	75.38	1.67	36.84
137.9	start	37.10	1.04	75.36	1.67	36.88
138.4	start	37.36	1.26	75.36	1.67	36.92
138.9	start	37.31	1.17	75.36	1.67	36.96
139.4	start	37.22	1.04	75.38	1.67	37.00
139.9	start	37.15	0.93	75.35	1.67	37.05
140.4	start	37.14	0.87	75.30	1.67	37.10
140.9	start	37.41	1.10	75.29	1.67	37.14
141.4	start	37.32	0.96	75.32	1.67	37.18
141.9	start	37.27	0.87	75.28	1.67	37.23
142.4	start	37.20	0.76	75.29	1.67	37.25
142.9	start	37.31	1.09	75.42	1.67	37.05
143.4	start	37.21	0.94	75.45	1.67	37.09
143.9	start	37.14	0.82	75.43	1.67	37.14
144.5	start	39.19	2.82	73.18	1.67	37.19
145.0	start	39.07	2.65	73.56	1.67	37.24
145.5	start	38.98	2.52	73.60	1.67	37.28
146.0	start	38.90	2.39	73.61	1.67	37.33
146.5	start	38.82	2.28	73.62	1.67	37.37
147.0	start	38.73	2.14	73.64	1.67	37.41
147.5	start	38.89	2.26	73.75	1.67	37.45
148.0	start	38.79	2.12	73.77	1.67	37.49
148.5	start	38.72	2.00	73.78	1.67	37.53
149.0	start	38.64	1.88	73.79	1.67	37.58
149.5	start	38.57	1.78	73.78	1.67	37.62
150.0	start	38.82	1.99	73.80	1.67	37.66
150.5	start	38.75	1.87	73.80	1.67	37.70
151.0	start	38.66	1.75	73.82	1.67	37.74
151.5	start	38.59	1.63	73.82	1.67	37.78
152.0	start	38.50	1.50	73.84	1.67	37.82
152.5	start	38.76	1.72	73.85	1.67	37.86
153.1	start	38.68	1.59	73.86	1.67	37.90
153.6	start	38.60	1.48	73.87	1.67	37.95
154.1	start	38.52	1.36	73.88	1.67	37.99
154.6	start	38.44	1.24	73.89	1.67	38.03
155.1	start	38.74	1.49	73.98	1.67	38.07
155.6	start	38.66	1.37	73.99	1.67	38.11
156.1	start	38.58	1.25	73.99	1.67	38.15
156.6	start	38.51	1.14	74.00	1.67	38.20
157.1	start	38.76	1.34	74.01	1.67	38.24
157.6	start	38.69	1.23	74.01	1.67	38.28
158.1	start	38.60	1.10	74.03	1.67	38.32
158.6	start	38.53	0.99	74.03	1.67	38.37
159.1	start	38.44	0.85	74.04	1.67	38.41
159.6	start	38.70	1.07	74.05	1.67	38.45
160.1	start	38.63	0.96	74.04	1.67	38.50
160.6	start	38.59	0.88	74.01	1.67	38.54
161.1	start	38.54	1.07	73.99	1.67	38.30
161.6	start	38.47	0.96	73.99	1.67	38.34
162.1	start	38.72	1.16	74.01	1.67	38.38
162.6	start	38.65	1.05	74.01	1.67	38.42
163.2	start	38.58	0.94	74.01	1.67	38.46
163.7	start	38.52	0.84	74.00	1.67	38.50
164.2	start	38.94	1.51	73.58	1.67	38.25
164.7	start	39.11	1.64	73.58	1.67	38.29
165.2	start	39.04	1.53	73.60	1.67	38.34
165.7	start	38.97	1.42	73.60	1.67	38.38
166.2	start	38.89	1.29	73.61	1.67	38.42
166.7	start	39.15	1.52	73.61	1.67	38.46
167.2	start	39.07	1.39	73.62	1.67	38.50
167.7	start	39.00	1.28	73.63	1.67	38.55
168.2	start	38.91	1.15	73.64	1.67	38.59
168.7	start	38.84	1.04	73.64	1.67	38.63
169.2	start	39.10	1.25	73.65	1.67	38.67
169.7	start	39.02	1.14	73.66	1.67	38.71
170.2	start	38.94	1.01	73.67	1.67	38.75
170.7	start	38.86	0.88	73.68	1.67	38.80
171.2	start	39.31	1.29	73.16	1.67	38.84
171.7	start	39.48	1.42	73.25	1.67	38.88
172.2	start	39.39	1.29	73.27	1.67	38.92
172.8	start	39.31	1.17	73.28	1.67	38.96
173.3	start	39.23	1.04	73.29	1.67	39.01
173.8	start	39.31	1.08	73.15	1.67	39.05
174.3	start	39.48	1.22	73.23	1.67	39.09
174.8	start	39.40	1.09	73.25	1.67	39.13
175.3	start	39.32	0.97	73.25	1.67	39.17
175.8	start	39.37	1.26	73.14	1.67	38.93
176.3	start	39.55	1.40	73.22	1.67	38.97
176.8	start	39.47	1.28	73.23	1.67	39.01
177.3	start	39.38	1.15	73.25	1.67	39.05
177.8	start	39.30	1.03	73.26	1.67	39.09
178.3	start	39.34	1.03	73.15	1.67	39.14
178.8	start	39.54	1.19	73.21	1.67	39.18
179.3	start	39.45	1.05	73.24	1.67	39.22
179.8	start	39.47	1.03	73.15	1.67	39.26
180.3	start	39.40	1.20	73.15	1.67	39.02
180.8	start	39.32	1.08	73.17	1.67	39.06
181.3	start	39.49	1.22	73.25	1.67	39.10
181.8	start	39.41	1.09	73.27	1.67	39.14
182.4	start	39.33	0.97	73.28	1.67	39.19
182.9	start	39.39	0.99	73.15	1.67	39.23
183.4	start	39.30	1.15	73.16	1.67	38.99
183.9	start	39.48	1.29	73.25	1.67	39.03
184.4	start	39.40	1.16	73.26	1.67	39.07
184.9	start	39.31	1.04	73.28	1.67	39.11
185.4	start	39.38	1.06	73.15	1.67	39.15
185.9	start	39.30	1.23	73.16	1.67	38.90
186.4	start	39.48	1.37	73.24	1.67	38.94
186.9	start	39.40	1.24	73.26	1.67	38.98
187.4	start	39.31	1.11	73.27	1.67	39.03
187.9	start	39.37	1.13	73.15	1.67	39.07
188.4	start	39.64	1.65	73.14	1.67	38.82
188.9	start	39.54	1.51	73.17	1.67	38.86
189.4	start	39.45	1.37	73.19	1.67	38.90
189.9	start	39.35	1.23	73.22	1.67	38.94
190.4	start	39.27	1.11	73.23	1.67	38.99
190.9	start	39.57	2.83	73.20	1.67	37.57
191.4	start	39.49	2.70	73.21	1.67	37.61
191.9	start	39.40	2.57	73.23	1.67	37.65
192.4	start	39.32	2.45	73.24	1.67	37.70
193.0	start	39.23	2.32	73.26	1.67	37.74
193.5	start	39.57	2.62	73.19	1.67	37.78
194.0	start	39.48	2.49	73.21	1.67	37.82
194.5	start	39.43	2.68	73.19	1.67	37.57
195.0	start	39.35	2.56	73.21	1.67	37.61
195.5	start	39.26	2.43	73.22	1.67	37.66
196.0	start	39.51	2.64	73.24	1.67	37.69
196.5	start	39.43	2.52	73.25	1.67	37.74
197.0	start	39.38	2.71	73.24	1.67	37.49
197.5	start	39.29	2.58	73.25	1.67	37.53
198.0	start	39.20	2.44	73.27	1.67	37.58
198.5	start	39.44	2.64	73.29	1.67	37.62
199.0	start	39.36	2.52	73.31	1.67	37.67
199.5	start	39.27	2.39	73.32	1.67	37.71
200.0	start	39.19	2.27	73.34	1.67	37.75
200.5	start	39.31	2.64	73.15	1.67	37.50
201.0	start	39.54	2.83	73.18	1.67	37.54
201.5	start	39.45	2.70	73.20	1.67	37.58
202.0	start	39.37	2.57	73.21	1.67	37.63
202.6	start	39.28	2.44	73.24	1.67	37.67
203.1	start	39.26	2.66	73.23	1.67	37.42
203.6	start	39.47	2.83	73.24	1.67	37.46
204.1	start	39.38	2.70	73.27	1.67	37.50
204.6	start	39.30	2.59	73.27	1.67	37.55
205.1	start	39.22	2.46	73.29	1.67	37.59
205.6	start	39.46	2.66	73.31	1.67	37.63
206.1	start	39.37	2.53	73.33	1.67	37.67
206.6	start	39.29	2.41	73.34	1.67	37.71
207.1	start	39.20	2.28	73.36	1.67	37.75
207.6	start	39.35	2.38	73.15	1.67	37.79
208.1	start	39.50	2.78	73.26	1.67	37.55
208.6	start	39.42	2.66	73.26	1.67	37.59
209.1	start	39.34	2.54	73.28	1.67	37.63
209.6	start	39.25	2.42	73.29	1.67	37.67
210.1	start	39.34	2.46	73.14	1.67	37.71
210.6	start	39.51	2.59	73.24	1.67	37.75
211.1	start	39.53	2.57	73.15	1.67	37.79
211.6	start	39.47	2.47	73.14	1.67	37.83
212.1	start	39.40	2.36	73.15	1.67	37.87
212.7	start	39.32	2.52	73.16	1.67	37.63
213.2	start	39.42	2.58	73.32	1.67	37.67
213.7	start	39.34	2.46	73.34	1.67	37.71
214.2	start	39.46	2.83	73.14	1.67	37.46
214.7	start	39.37	2.69	73.17	1.67	37.50
215.2	start	39.28	2.57	73.19	1.67	37.55
215.7	start	39.45	2.70	73.28	1.67	37.59
216.2	start	39.36	2.57	73.30	1.67	37.63
216.7	start	39.44	2.60	73.16	1.67	37.67
217.2	start	39.39	2.50	73.14	1.67	37.71
217.7	start	39.30	2.38	73.15	1.67	37.76
218.2	start	39.57	2.61	73.14	1.67	37.80
218.7	start	39.50	2.49	73.15	1.67	37.84
219.2	start	39.43	2.66	73.15	1.67	37.60
219.7	start	39.34	2.54	73.16	1.67	37.64
220.2	start	39.39	2.54	73.38	1.67	37.68
220.7	start	39.31	2.42	73.39	1.67	37.72
221.2	start	39.27	2.63	73.36	1.67	37.48
221.7	start	39.20	2.51	73.36	1.67	37.52
222.3	start	39.18	2.73	73.32	1.67	37.27
222.8	start	39.43	2.95	73.32	1.67	37.31
223.3	start	39.36	2.83	73.35	1.67	37.36
223.8	start	39.28	2.71	73.36	1.67	37.40
224.3	start	39.19	2.58	73.37	1.67	37.44
224.8	start	39.12	2.46	73.38	1.67	37.48
225.3	start	39.37	2.67	73.39	1.67	37.52
225.8	start	39.29	2.55	73.40	1.67	37.57
226.3	start	39.20	2.42	73.42	1.67	37.61
226.8	start	39.16	2.63	73.38	1.67	37.37
227.3	start	39.08	2.50	73.40	1.67	37.41
227.8	start	39.33	2.71	73.41	1.67	37.45
228.3	start	39.24	2.58	73.43	1.67	37.49
228.8	start	39.16	2.46	73.44	1.67	37.54
229.3	start	39.08	2.34	73.45	1.67	37.58
229.8	start	39.46	2.96	73.34	1.67	37.33
230.3	start	39.37	2.83	73.36	1.67	37.37
230.8	start	39.29	2.71	73.37	1.67	37.41
231.3	start	39.21	2.59	73.38	1.67	37.45
231.9	start	39.13	2.46	73.39	1.67	37.50
232.4	start	39.38	2.67	73.41	1.67	37.53
232.9	start	39.30	2.55	73.42	1.67	37.58
233.4	start	39.21	2.43	73.43	1.67	37.62
233.9	start	39.13	2.31	73.45	1.67	37.66
234.4	start	39.19	2.61	73.32	1.67	37.41
234.9	start	39.44	2.82	73.34	1.67	37.45
235.4	start	39.36	2.69	73.35	1.67	37.50
235.9	start	39.27	2.57	73.36	1.67	37.54
236.4	start	39.19	2.44	73.38	1.67	37.58
236.9	start	39.11	2.32	73.39	1.67	37.62
237.4	start	39.46	2.92	73.31	1.67	37.37
237.9	start	39.37	2.79	73.32	1.67	37.41
238.4	start	39.27	2.65	73.35	1.67	37.46
238.9	start	39.19	2.53	73.37	1.67	37.50
239.4	start	39.11	2.40	73.38	1.67	37.54
239.9	start	39.35	2.61	73.40	1.67	37.58
240.5	start	39.27	2.48	73.42	1.67	37.62
241.0	start	39.18	2.35	73.43	1.67	37.66
241.5	start	39.10	2.23	73.45	1.67	37.70
242.0	start	39.06	2.44	73.41	1.67	37.46
242.5	start	39.31	2.64	73.43	1.67	37.50
243.0	start	39.22	2.51	73.45	1.67	37.54
243.5	start	39.14	2.38	73.46	1.67	37.58
244.0	start	39.05	2.26	73.48	1.67	37.62
244.5	start	39.32	2.78	73.46	1.67	37.38
245.0	start	39.25	2.67	73.48	1.67	37.42
245.5	start	39.17	2.54	73.49	1.67	37.46
246.0	start	39.09	2.42	73.51	1.67	37.50
246.5	start	39.00	2.29	73.52	1.67	37.54
247.0	start	39.24	2.49	73.55	1.67	37.58
247.5	start	39.14	2.35	73.57	1.67	37.63
248.0	start	39.06	2.22	73.58	1.67	37.67
248.5	start	38.97	2.09	73.60	1.67	37.71
249.0	start	39.36	2.72	73.15	1.67	37.47
249.6	start	39.58	2.91	73.19	1.67	37.51
250.1	start	39.49	2.77	73.21	1.67	37.55
250.6	start	39.41	2.65	73.22	1.67	37.59
251.1	start	39.33	2.53	73.24	1.67	37.63
251.6	start	39.24	2.40	73.25	1.67	37.67
252.1	start	39.53	2.94	73.23	1.67	37.43
252.6	start	39.45	2.81	73.24	1.67	37.47
253.1	start	39.36	2.68	73.26	1.67	37.51
253.6	start	39.28	2.56	73.28	1.67	37.55
254.1	start	39.19	2.43	73.29	1.67	37.59
254.6	start	39.43	2.63	73.32	1.67	37.63
255.1	start	39.35	2.51	73.33	1.67	37.67
255.6	start	39.27	2.39	73.35	1.67	37.71
256.1	start	39.23	2.59	73.32	1.67	37.47
256.6	start	39.15	2.47	73.33	1.67	37.51
257.1	start	39.39	2.67	73.36	1.67	37.55
257.6	start	39.31	2.55	73.37	1.67	37.59
258.2	start	39.22	2.42	73.39	1.67	37.63
258.7	start	39.13	2.29	73.41	1.67	37.68
259.2	start	39.32	2.72	73.15	1.67	37.43
259.7	start	39.54	2.91	73.20	1.67	37.47
260.2	start	39.45	2.78	73.22	1.67	37.51
260.7	start	39.37	2.65	73.23	1.67	37.55
261.2	start	39.28	2.52	73.25	1.67	37.59
261.7	start	39.53	2.73	73.27	1.67	37.63
262.2	start	39.45	2.61	73.28	1.67	37.67
262.7	start	39.37	2.49	73.29	1.67	37.71
263.2	start	39.28	2.36	73.31	1.67	37.76
263.7	start	39.38	2.70	73.15	1.67	37.51
264.2	start	39.59	2.87	73.20	1.67	37.55
264.7	start	39.50	2.74	73.22	1.67	37.59
265.2	start	39.42	2.61	73.24	1.67	37.63
265.7	start	39.33	2.49	73.25	1.67	37.67
266.2	start	39.30	2.70	73.22	1.67	37.43
266.7	start	39.54	2.91	73.24	1.67	37.47
267.2	start	39.46	2.78	73.25	1.67	37.51
267.8	start	39.38	2.66	73.27	1.67	37.55
268.3	start	39.27	2.51	73.30	1.67	37.60
268.8	start	39.19	2.39	73.31	1.67	37.64
269.3	start	39.47	2.92	73.30	1.67	37.39
269.8	start	39.39	2.79	73.31	1.67	37.43
270.3	start	39.31	2.66	73.33	1.67	37.47
270.8	start	39.22	2.54	73.34	1.67	37.51
271.3	start	39.15	2.43	73.36	1.67	37.55
271.8	start	39.40	2.64	73.38	1.67	37.59
272.3	start	39.33	2.54	73.39	1.67	37.62
272.8	start	39.25	2.43	73.40	1.67	37.66
273.3	start	39.18	2.31	73.42	1.67	37.69
273.8	start	39.13	2.52	73.41	1.67	37.44
274.3	start	39.05	2.41	73.42	1.67	37.48
274.8	start	39.31	2.62	73.44	1.67	37.51
275.3	start	39.24	2.52	73.45	1.67	37.55
275.8	start	39.17	2.42	73.46	1.67	37.58
276.3	start	39.09	2.29	73.48	1.67	37.62
276.8	start	39.04	2.49	73.45	1.67	37.38
277.4	start	39.28	2.69	73.48	1.67	37.42
277.9	start	39.18	2.54	73.49	1.67	37.47
278.4	start	39.08	2.39	73.52	1.67	37.52
278.9	start	38.98	2.24	73.54	1.67	37.57
279.4	start	39.20	2.41	73.57	1.67	37.62
279.9	start	39.11	2.29	73.58	1.67	37.66
280.4	start	39.03	2.16	73.60	1.67	37.70
280.9	start	38.99	2.37	73.57	1.67	37.45
281.4	start	38.91	2.25	73.58	1.67	37.49
281.9	start	39.16	2.46	73.60	1.67	37.53
282.4	start	39.08	2.33	73.62	1.67	37.57
282.9	start	38.99	2.21	73.63	1.67	37.62
283.4	start	38.90	2.08	73.65	1.67	37.66
283.9	start	38.86	2.28	73.63	1.67	37.41
284.4	start	39.10	2.48	73.65	1.67	37.45
284.9	start	39.02	2.36	73.66	1.67	37.49
285.4	start	38.94	2.24	73.68	1.67	37.53
285.9	start	38.85	2.11	73.70	1.67	37.58
286.5	start	38.76	1.98	73.71	1.67	37.62
287.0	start	39.01	2.18	73.73	1.67	37.66
287.5	start	38.93	2.06	73.75	1.67	37.70
288.0	start	38.89	2.27	73.72	1.67	37.45
288.5	start	38.80	2.14	73.74	1.67	37.49
289.0	start	38.71	2.01	73.76	1.67	37.54
289.5	start	38.96	2.21	73.78	1.67	37.57
290.0	start	38.87	2.09	73.79	1.67	37.61
290.5	start	38.79	1.97	73.81	1.67	37.66
291.0	start	38.75	2.17	73.78	1.67	37.41
291.5	start	38.99	2.37	73.81	1.67	37.45
292.0	start	38.91	2.25	73.82	1.67	37.49
292.5	start	38.82	2.12	73.84	1.67	37.53
293.0	start	38.74	2.00	73.85	1.67	37.58
293.5	start	38.65	1.87	73.87	1.67	37.62
294.0	start	38.95	2.41	73.83	1.67	37.37
294.5	start	38.87	2.29	73.85	1.67	37.41
295.0	start	38.79	2.16	73.86	1.67	37.45
295.5	start	38.70	2.04	73.88	1.67	37.49
296.0	start	38.62	1.92	73.89	1.67	37.54
296.6	start	38.87	2.12	73.91	1.67	37.58
297.1	start	38.79	2.00	73.92	1.67	37.62
297.6	start	38.73	1.90	73.91	1.67	37.66
298.1	start	38.64	1.77	73.94	1.67	37.70
298.6	start	39.34	2.72	73.16	1.67	37.46
299.1	start	39.56	2.89	73.21	1.67	37.49
299.6	start	39.47	2.77	73.23	1.67	37.54
300.1	start	39.38	2.64	73.24	1.67	37.58
300.6	start	39.30	2.51	73.26	1.67	37.62
301.1	start	39.27	2.72	73.22	1.67	37.38
301.6	start	39.50	2.91	73.24	1.67	37.42
302.1	start	39.42	2.78	73.25	1.67	37.47
302.6	start	39.33	2.65	73.27	1.67	37.51
303.1	start	39.25	2.52	73.28	1.67	37.55
303.6	start	39.49	2.72	73.30	1.67	37.59
304.1	start	39.40	2.60	73.32	1.67	37.64
304.6	start	39.32	2.47	73.33	1.67	37.68
305.1	start	39.23	2.34	73.35	1.67	37.72
305.7	start	39.36	2.72	73.15	1.67	37.47
306.2	start	39.57	2.90	73.21	1.67	37.51
306.7	start	39.49	2.77	73.22	1.67	37.55
307.2	start	39.39	2.61	73.24	1.67	37.61
307.7	start	39.29	2.45	73.26	1.67	37.67
308.2	start	39.57	2.96	73.23	1.67	37.45
308.7	start	39.47	2.80	73.24	1.67	37.50
309.2	start	39.38	2.65	73.26	1.67	37.56
309.7	start	39.28	2.50	73.28	1.67	37.61
310.2	start	39.23	2.68	73.24	1.67	37.39
310.7	start	39.46	2.85	73.27	1.67	37.44
311.2	start	39.38	2.72	73.28	1.67	37.49
311.7	start	39.29	2.59	73.30	1.67	37.54
312.2	start	39.21	2.46	73.31	1.67	37.58
312.7	start	39.45	2.66	73.33	1.67	37.62
313.2	start	39.37	2.53	73.35	1.67	37.66
313.7	start	39.28	2.40	73.36	1.67	37.71
314.3	start	39.24	2.61	73.33	1.67	37.46
314.8	start	39.15	2.48	73.35	1.67	37.51
315.3	start	39.40	2.68	73.38	1.67	37.55
315.8	start	39.31	2.55	73.39	1.67	37.59
316.3	start	39.23	2.43	73.41	1.67	37.63
316.8	start	39.15	2.30	73.42	1.67	37.68
317.3	start	39.07	2.47	73.43	1.67	37.43
317.8	start	39.31	2.67	73.45	1.67	37.47
318.3	start	39.23	2.55	73.46	1.67	37.52
318.8	start	39.14	2.41	73.48	1.67	37.56
319.3	start	39.05	2.27	73.50	1.67	37.61
319.8	start	39.01	2.48	73.47	1.67	37.37
320.3	start	39.25	2.67	73.49	1.67	37.41
320.8	start	39.16	2.53	73.51	1.67	37.46
321.3	start	39.07	2.40	73.52	1.67	37.51
321.8	start	38.99	2.27	73.54	1.67	37.55
322.3	start	39.22	2.47	73.56	1.67	37.59
322.8	start	39.13	2.33	73.58	1.67	37.64
323.3	start	39.05	2.20	73.60	1.67	37.68
323.9	start	39.43	2.53	73.14	1.67	37.73
324.4	start	39.34	2.69	73.16	1.67	37.49
324.9	start	39.56	2.86	73.21	1.67	37.53
325.4	start	39.47	2.73	73.23	1.67	37.57
325.9	start	39.38	2.60	73.24	1.67	37.62
326.4	start	39.30	2.47	73.26	1.67	37.66
326.9	start	39.25	2.67	73.23	1.67	37.42
327.4	start	39.49	2.87	73.25	1.67	37.46
327.9	start	39.41	2.74	73.27	1.67	37.50
328.4	start	39.30	2.59	73.30	1.67	37.55
328.9	start	39.21	2.45	73.32	1.67	37.59
329.4	start	39.48	2.96	73.31	1.67	37.35
329.9	start	39.40	2.83	73.32	1.67	37.40
330.4	start	39.30	2.69	73.34	1.67	37.45
330.9	start	39.21	2.53	73.36	1.67	37.51
331.4	start	39.10	2.36	73.38	1.67	37.58
331.9	start	39.34	2.54	73.40	1.67	37.63
332.4	start	39.24	2.39	73.42	1.67	37.69
333.0	start	39.20	2.59	73.40	1.67	37.44
333.5	start	39.11	2.45	73.42	1.67	37.48
334.0	start	39.35	2.65	73.44	1.67	37.53
334.5	start	39.26	2.52	73.45	1.67	37.57
335.0	start	39.17	2.39	73.47	1.67	37.62
335.5	start	39.08	2.25	73.49	1.67	37.66
336.0	start	39.35	2.76	73.15	1.67	37.42
336.5	start	39.56	2.93	73.20	1.67	37.46
337.0	start	39.47	2.80	73.22	1.67	37.51
337.5	start	39.38	2.65	73.24	1.67	37.55
338.0	start	39.29	2.52	73.26	1.67	37.60
338.5	start	39.25	2.73	73.22	1.67	37.36
339.0	start	39.49	2.92	73.24	1.67	37.40
339.5	start	39.41	2.79	73.25	1.67	37.45
340.0	start	39.32	2.66	73.27	1.67	37.49
340.5	start	39.24	2.54	73.28	1.67	37.53
341.1	start	39.47	2.73	73.31	1.67	37.57
341.6	start	39.39	2.60	73.32	1.67	37.62
342.1	start	39.30	2.47	73.34	1.67	37.66
342.6	start	39.22	2.34	73.36	1.67	37.71
343.1	start	39.15	2.53	73.36	1.67	37.46
343.6	start	39.39	2.72	73.38	1.67	37.50
344.1	start	39.30	2.59	73.40	1.67	37.55
344.6	start	39.22	2.46	73.41	1.67	37.59
345.1	start	39.12	2.31	73.43	1.67	37.64
345.6	start	39.08	2.49	73.40	1.67	37.42
346.1	start	39.31	2.67	73.42	1.67	37.47
346.6	start	39.21	2.52	73.44	1.67	37.52
347.1	start	39.11	2.34	73.46	1.67	37.60
347.6	start	39.36	2.83	73.14	1.67	37.36
348.1	start	39.58	3.01	73.18	1.67	37.40
348.6	start	39.49	2.87	73.20	1.67	37.45
349.2	start	39.39	2.72	73.22	1.67	37.50
349.7	start	39.30	2.59	73.24	1.67	37.54
350.2	start	39.22	2.47	73.25	1.67	37.58
350.7	start	39.46	2.67	73.28	1.67	37.63
351.2	start	39.37	2.53	73.30	1.67	37.67
351.7	start	39.29	2.40	73.31	1.67	37.72
352.2	start	39.25	2.61	73.28	1.67	37.48
352.7	start	39.49	2.79	73.30	1.67	37.53
353.2	start	39.40	2.66	73.31	1.67	37.58
353.7	start	39.31	2.52	73.33	1.67	37.62
354.2	start	39.23	2.40	73.35	1.67	37.66
354.7	start	39.35	2.76	73.15	1.67	37.42
355.2	start	39.57	2.94	73.20	1.67	37.47
355.7	start	39.47	2.79	73.22	1.67	37.51
356.2	start	39.39	2.66	73.24	1.67	37.56
356.7	start	39.30	2.53	73.25	1.67	37.60
357.2	start	39.25	2.72	73.24	1.67	37.36
357.7	start	39.49	2.92	73.26	1.67	37.40
358.2	start	39.39	2.78	73.28	1.67	37.45
358.7	start	39.30	2.64	73.31	1.67	37.49
359.3	start	39.22	2.51	73.33	1.67	37.53
359.8	start	39.13	2.38	73.34	1.67	37.58
360.3	start	39.38	2.59	73.36	1.67	37.62
360.8	start	39.29	2.47	73.37	1.67	37.66
361.3	start	39.21	2.34	73.39	1.67	37.70
361.8	start	39.17	2.55	73.36	1.67	37.45
362.3	start	39.41	2.75	73.39	1.67	37.50
362.8	start	39.33	2.62	73.40	1.67	37.54
363.3	start	39.24	2.49	73.42	1.67	37.58
363.8	start	39.16	2.37	73.43	1.67	37.62
364.3	start	39.38	2.55	73.14	1.67	37.67
364.8	start	39.61	3.02	73.18	1.67	37.42
365.3	start	39.53	2.90	73.19	1.67	37.46
365.8	start	39.44	2.77	73.21	1.67	37.51
366.3	start	39.36	2.63	73.22	1.67	37.55
366.8	start	39.27	2.49	73.24	1.67	37.61
367.3	start	39.55	3.00	73.21	1.67	37.38
367.8	start	39.46	2.86	73.23	1.67	37.43
368.3	start	39.38	2.74	73.24	1.67	37.47
368.9	start	39.29	2.61	73.26	1.67	37.51
369.4	start	39.20	2.48	73.28	1.67	37.56
369.9	start	39.45	2.68	73.30	1.67	37.60
370.4	start	39.37	2.56	73.31	1.67	37.64
370.9	start	39.28	2.43	73.33	1.67	37.69
371.4	start	39.40	2.79	73.14	1.67	37.44
371.9	start	39.31	2.66	73.17	1.67	37.48
372.4	start	39.53	2.84	73.21	1.67	37.52
372.9	start	39.45	2.71	73.23	1.67	37.57
373.4	start	39.36	2.58	73.24	1.67	37.61
373.9	start	39.27	2.45	73.26	1.67	37.65
374.4	start	39.55	2.97	73.25	1.67	37.41
374.9	start	39.47	2.85	73.26	1.67	37.45
375.4	start	39.38	2.72	73.28	1.67	37.49
375.9	start	39.30	2.60	73.30	1.67	37.53
376.4	start	39.21	2.46	73.32	1.67	37.58
376.9	start	39.46	2.96	73.33	1.67	37.33
377.4	start	39.37	2.83	73.34	1.67	37.38
377.9	start	39.29	2.71	73.36	1.67	37.42
378.4	start	39.21	2.58	73.37	1.67	37.46
379.0	start	39.12	2.46	73.39	1.67	37.50
379.5	start	39.36	2.66	73.42	1.67	37.54
380.0	start	39.28	2.53	73.43	1.67	37.58
380.5	start	39.20	2.40	73.45	1.67	37.63
381.0	start	39.11	2.28	73.46	1.67	37.67
381.5	start	39.07	2.48	73.44	1.67	37.42
382.0	start	39.32	2.69	73.45	1.67	37.47
382.5	start	39.23	2.56	73.47	1.67	37.51
383.0	start	39.15	2.43	73.49	1.67	37.55
383.5	start	39.07	2.31	73.50	1.67	37.59
384.0	start	39.02	2.50	73.49	1.67	37.35
384.5	start	39.25	2.70	73.51	1.67	37.39
385.0	start	39.17	2.57	73.53	1.67	37.43
385.5	start	39.09	2.44	73.54	1.67	37.48
386.0	start	39.00	2.32	73.56	1.67	37.52
386.5	start	38.92	2.20	73.57	1.67	37.56
387.0	start	39.17	2.40	73.59	1.67	37.60
387.5	start	39.09	2.27	73.60	1.67	37.64
388.0	start	39.00	2.15	73.62	1.67	37.69
388.5	start	39.39	2.78	73.16	1.67	37.44
389.1	start	39.30	2.65	73.18	1.67	37.48
389.6	start	39.52	2.83	73.22	1.67	37.53
390.1	start	39.44	2.70	73.24	1.67	37.57
390.6	start	39.36	2.58	73.26	1.67	37.61
391.1	start	39.27	2.45	73.27	1.67	37.65
391.6	start	39.23	2.66	73.24	1.67	37.41
392.1	start	39.48	2.87	73.26	1.67	37.45
392.6	start	39.40	2.74	73.27	1.67	37.49
393.1	start	39.32	2.61	73.29	1.67	37.53
393.6	start	39.23	2.49	73.30	1.67	37.58
394.1	start	39.49	2.99	73.30	1.67	37.34
394.6	start	39.39	2.82	73.33	1.67	37.40
395.1	start	39.31	2.70	73.34	1.67	37.44
395.6	start	39.23	2.57	73.36	1.67	37.49
396.1	start	39.14	2.44	73.37	1.67	37.53
396.6	start	39.38	2.64	73.40	1.67	37.57
397.1	start	39.30	2.52	73.41	1.67	37.61
397.6	start	39.20	2.38	73.43	1.67	37.66
398.1	start	39.17	2.58	73.40	1.67	37.42
398.6	start	39.07	2.40	73.42	1.67	37.50
399.1	start	39.29	2.55	73.44	1.67	37.57
399.7	start	39.19	2.37	73.46	1.67	37.66
400.2	start	39.15	2.56	73.43	1.67	37.42
400.7	start	39.05	2.38	73.46	1.67	37.50
401.2	start	39.28	2.53	73.48	1.67	37.58
401.7	start	39.18	2.35	73.50	1.67	37.66
402.2	start	39.13	2.51	73.47	1.67	37.45
402.7	start	39.03	2.33	73.48	1.67	37.53
403.2	start	39.26	2.48	73.51	1.67	37.61
403.7	start	39.22	2.64	73.47	1.67	37.40
404.2	start	39.12	2.46	73.49	1.67	37.48
404.7	start	39.01	2.28	73.51	1.67	37.57
405.2	start	39.29	2.77	73.49	1.67	37.36
405.7	start	39.19	2.59	73.51	1.67	37.44
406.2	start	39.09	2.41	73.52	1.67	37.52
406.7	start	38.99	2.23	73.54	1.67	37.60
407.2	start	39.27	2.71	73.52	1.67	37.39
407.7	start	39.17	2.53	73.53	1.67	37.47
408.2	start	39.07	2.35	73.55	1.67	37.55
408.7	start	39.41	2.60	73.14	1.67	37.63
409.2	start	39.61	3.02	73.19	1.67	37.42
409.7	start	39.51	2.83	73.21	1.67	37.51
410.2	start	39.41	2.65	73.23	1.67	37.59
410.8	start	39.32	2.77	73.23	1.67	37.38
411.3	start	39.22	2.59	73.25	1.67	37.46
411.8	start	39.45	2.74	73.27	1.67	37.54
412.3	start	39.35	2.56	73.29	1.67	37.62
412.8	start	39.30	2.72	73.26	1.67	37.42
413.3	start	39.20	2.54	73.28	1.67	37.50
413.8	start	39.43	2.69	73.30	1.67	37.58
414.3	start	39.51	2.68	73.14	1.67	37.66
414.8	start	39.41	2.79	73.16	1.67	37.45
415.3	start	39.30	2.60	73.19	1.67	37.54
415.8	start	39.51	2.73	73.23	1.67	37.61
416.3	start	39.51	2.94	73.15	1.67	37.41
416.8	start	39.40	2.75	73.18	1.67	37.49
417.3	start	39.30	2.57	73.19	1.67	37.57
417.8	start	39.54	3.01	73.21	1.67	37.36
418.3	start	39.44	2.83	73.23	1.67	37.44
418.8	start	39.32	2.63	73.27	1.67	37.52
419.3	start	39.27	2.79	73.23	1.67	37.32
419.8	start	39.51	2.95	73.25	1.67	37.39
420.3	start	39.41	2.77	73.27	1.67	37.47
420.8	start	39.31	2.59	73.28	1.67	37.55
421.3	start	39.37	2.86	73.15	1.67	37.35
421.9	start	39.55	2.96	73.22	1.67	37.42
422.4	start	39.45	2.78	73.24	1.67	37.50
422.9	start	39.34	2.59	73.27	1.67	37.58
423.4	start	39.30	2.76	73.23	1.67	37.37
423.9	start	39.53	2.91	73.25	1.67	37.45
424.4	start	39.43	2.73	73.27	1.67	37.53
424.9	start	39.47	2.97	73.15	1.67	37.33
425.4	start	39.37	2.79	73.17	1.67	37.41
425.9	start	39.55	2.90	73.24	1.67	37.49
426.4	start	39.45	2.72	73.26	1.67	37.57
426.9	start	39.40	2.88	73.22	1.67	37.36
427.4	start	39.30	2.69	73.24	1.67	37.44
427.9	start	39.32	2.63	73.26	1.67	37.52
428.4	start	39.49	3.01	73.23	1.67	37.31
428.9	start	39.39	2.83	73.25	1.67	37.39
429.4	start	39.30	2.65	73.26	1.67	37.47
429.9	start	39.25	2.81	73.23	1.67	37.27
430.4	start	39.48	2.97	73.25	1.67	37.35
430.9	start	39.39	2.79	73.26	1.67	37.43
431.4	start	39.29	2.61	73.28	1.67	37.51
431.9	start	39.24	2.77	73.24	1.67	37.30
432.4	start	39.48	2.93	73.26	1.67	37.38
432.9	start	39.38	2.75	73.28	1.67	37.46
433.4	start	39.43	3.01	73.15	1.67	37.25
434.0	start	39.35	3.14	73.15	1.67	37.05
434.5	start	39.54	3.25	73.21	1.67	37.13
435.0	start	39.53	3.26	73.14	1.67	37.10
435.5	start	39.58	3.43	73.14	1.79	36.99
436.0	start	39.57	3.58	73.14	1.85	36.83
436.5	start	39.75	3.69	73.23	1.85	36.90
437.0	start	39.75	3.84	73.21	1.90	36.74
437.5	start	39.67	3.69	73.23	1.90	36.81
438.0	start	39.73	3.91	73.16	1.97	36.66
438.5	start	39.64	3.75	73.18	1.97	36.73
439.0	start	39.87	3.92	73.21	1.97	36.79
439.5	start	39.78	3.76	73.23	1.97	36.86
440.0	start	39.69	3.60	73.25	1.97	36.93
440.5	start	39.60	3.43	73.27	1.97	37.01
441.0	start	39.51	3.27	73.29	1.97	37.08
441.5	start	39.75	3.45	73.31	1.97	37.14
442.0	start	39.66	3.29	73.32	1.97	37.21
442.5	start	39.84	3.61	73.15	2.02	37.06
443.0	start	39.84	3.77	73.14	2.08	36.91
443.5	start	39.75	3.61	73.16	2.08	36.98
444.1	start	40.10	4.12	73.14	2.13	36.82
444.6	start	40.01	3.96	73.16	2.13	36.89
445.1	start	40.01	4.11	73.15	2.19	36.73
445.6	start	39.92	3.95	73.17	2.19	36.81
446.1	start	40.26	4.45	73.16	2.25	36.64
446.6	start	40.17	4.29	73.17	2.25	36.72
447.1	start	40.19	4.48	73.14	2.30	36.55
447.6	start	40.10	4.32	73.16	2.30	36.62
448.1	start	40.11	4.48	73.15	2.35	36.46
448.6	start	40.30	4.60	73.21	2.35	36.54
449.1	start	40.36	4.82	73.14	2.41	36.38
449.6	start	40.27	4.66	73.16	2.41	36.45
450.1	start	40.22	4.82	73.14	2.41	36.24
450.6	start	40.13	4.66	73.17	2.41	36.31
451.1	start	40.35	4.81	73.21	2.41	36.37
451.6	start	40.26	4.65	73.23	2.41	36.45
452.1	start	40.24	4.79	73.24	2.46	36.29
452.6	start	40.15	4.63	73.26	2.46	36.36
453.1	start	40.17	4.81	73.23	2.51	36.20
453.6	start	40.42	5.00	73.24	2.51	36.26
454.1	start	40.33	4.83	73.26	2.51	36.33
454.7	start	40.24	4.68	73.27	2.51	36.40
455.2	start	40.26	4.86	73.24	2.56	36.24
455.7	start	40.51	5.04	73.26	2.56	36.31
456.2	start	40.42	4.88	73.27	2.56	36.38
456.7	start	40.40	5.08	73.23	2.56	36.17
457.2	start	40.31	4.91	73.24	2.56	36.24
457.7	start	40.32	5.07	73.21	2.62	36.09
458.2	start	40.55	5.23	73.24	2.62	36.16
458.7	start	40.47	5.07	73.25	2.62	36.23
459.2	start	40.37	4.91	73.27	2.62	36.31
459.7	start	40.28	4.74	73.29	2.62	36.38
460.2	start	40.51	4.90	73.32	2.62	36.45
460.7	start	40.42	4.74	73.34	2.62	36.52
461.2	start	40.34	4.58	73.35	2.62	36.59
461.7	start	40.25	4.43	73.37	2.62	36.66
462.2	start	40.16	4.26	73.38	2.62	36.73
462.7	start	40.41	4.44	73.40	2.62	36.80
463.2	start	40.32	4.28	73.42	2.62	36.87
463.7	start	40.23	4.12	73.44	2.62	36.95
464.2	start	40.14	3.95	73.46	2.62	37.02
464.7	start	40.05	3.80	73.48	2.62	37.09
465.3	start	40.28	3.96	73.51	2.62	37.16
465.8	start	40.19	3.80	73.52	2.62	37.23
466.3	start	40.10	3.64	73.54	2.62	37.30
466.8	start	40.01	3.48	73.56	2.62	37.37
467.3	start	40.25	3.65	73.58	2.62	37.44
467.8	start	40.17	3.49	73.59	2.62	37.52
468.3	start	40.07	3.32	73.61	2.62	37.59
468.8	start	39.99	3.16	73.63	2.62	37.66
469.3	start	39.90	3.01	73.64	2.62	37.73
469.8	start	40.70	3.97	73.16	2.67	37.57
470.3	start	40.61	3.81	73.19	2.67	37.64
470.8	start	40.62	3.98	73.16	2.73	37.48
471.3	start	40.62	4.12	73.14	2.78	37.33
471.8	start	40.84	4.27	73.17	2.78	37.41
472.3	start	40.84	4.42	73.14	2.83	37.26
472.8	start	40.74	4.24	73.17	2.83	37.34
473.3	start	40.66	4.37	73.16	2.83	37.13
473.8	start	40.56	4.18	73.18	2.83	37.21
474.3	start	40.87	4.65	73.18	2.88	37.06
474.8	start	40.77	4.47	73.20	2.88	37.14
475.4	start	40.79	4.64	73.15	2.93	36.99
475.9	start	40.68	4.45	73.18	2.93	37.07
476.4	start	41.01	4.94	73.16	2.99	36.91
476.9	start	40.91	4.76	73.18	2.99	36.99
477.4	start	40.83	4.87	73.18	2.99	36.79
477.9	start	40.72	4.69	73.21	2.99	36.87
478.4	start	40.95	4.84	73.23	2.99	36.95
478.9	start	40.88	4.97	73.22	2.99	36.75
479.4	start	40.78	4.79	73.24	2.99	36.83
479.9	start	40.86	5.02	73.14	3.04	36.68
480.4	start	41.08	5.16	73.17	3.04	36.75
480.9	start	40.98	4.98	73.19	3.04	36.84
481.4	start	40.99	5.15	73.15	3.09	36.68
481.9	start	40.89	4.97	73.17	3.09	36.76
482.4	start	41.13	5.41	73.19	3.09	36.55
482.9	start	41.03	5.23	73.21	3.09	36.63
483.4	start	40.93	5.05	73.23	3.09	36.71
483.9	start	40.94	5.22	73.19	3.13	36.56
484.4	start	41.17	5.37	73.22	3.13	36.64
484.9	start	41.19	5.54	73.16	3.18	36.49
485.5	start	41.09	5.36	73.19	3.18	36.57
486.0	start	40.98	5.17	73.21	3.18	36.65
486.5	start	41.20	5.32	73.25	3.18	36.72
487.0	start	41.10	5.14	73.27	3.18	36.80
487.5	start	41.00	4.95	73.28	3.18	36.89
488.0	start	40.90	4.77	73.30	3.18	36.97
488.5	start	41.00	4.79	73.33	3.18	37.04
489.0	start	41.03	4.75	73.34	3.18	37.12
489.5	start	40.94	4.57	73.36	3.18	37.20
490.0	start	40.84	4.39	73.38	3.18	37.28
490.5	start	40.74	4.22	73.40	3.18	37.36
491.0	start	40.97	4.38	73.42	3.18	37.44
491.5	start	40.88	4.20	73.44	3.18	37.51
492.0	start	40.84	4.08	73.42	3.20	37.59
492.5	start	40.84	4.23	73.38	3.23	37.44
493.0	start	41.06	4.39	73.40	3.23	37.52
493.5	start	41.01	4.53	73.38	3.23	37.32
494.0	start	41.22	4.90	73.14	3.28	37.17
494.5	start	41.12	4.72	73.16	3.28	37.25
495.1	start	41.41	4.92	73.17	3.32	37.32
495.6	start	41.32	4.99	73.18	3.33	37.17
496.1	start	41.23	4.82	73.20	3.33	37.25
496.6	start	41.23	4.97	73.17	3.38	37.09
497.1	start	41.46	5.12	73.19	3.38	37.18
497.6	start	41.46	5.28	73.16	3.42	37.02
498.1	start	41.36	5.11	73.18	3.42	37.09
498.6	start	41.27	4.94	73.21	3.42	37.17
499.1	start	41.17	4.76	73.22	3.42	37.25
499.6	start	41.08	4.59	73.24	3.42	37.32
500.1	start	40.98	4.42	73.27	3.42	37.40
500.6	start	40.86	4.22	73.29	3.42	37.48
501.1	start	40.77	4.04	73.31	3.42	37.56
501.6	start	40.67	3.87	73.33	3.42	37.64
502.1	start	40.80	4.16	73.18	3.48	37.48
502.6	start	40.71	3.99	73.20	3.48	37.56
503.1	start	40.72	4.15	73.18	3.53	37.41
503.6	start	40.63	3.99	73.20	3.53	37.48
504.1	start	41.72	5.24	73.18	3.59	37.32
504.6	start	41.63	5.08	73.20	3.59	37.39
505.2	start	41.54	4.91	73.21	3.59	37.47
505.7	start	41.65	4.95	73.23	3.59	37.54
506.2	start	41.62	5.13	73.18	3.59	37.34
506.7	start	41.53	4.95	73.20	3.59	37.41
507.2	start	41.43	4.78	73.22	3.59	37.49
507.7	start	41.39	4.95	73.19	3.59	37.28
508.2	start	41.30	4.78	73.21	3.59	37.35
508.7	start	41.18	4.58	73.25	3.59	37.43
509.2	start	41.08	4.41	73.27	3.59	37.51
509.7	start	41.11	4.58	73.23	3.65	37.36
510.2	start	41.01	4.41	73.25	3.65	37.44
510.7	start	41.00	4.55	73.23	3.70	37.28
511.2	start	40.91	4.38	73.25	3.70	37.36
511.7	start	40.80	4.20	73.28	3.70	37.44
512.2	start	40.71	4.04	73.29	3.70	37.51
512.7	start	40.61	3.86	73.31	3.70	37.59
513.2	start	40.57	4.03	73.27	3.70	37.38
513.7	start	40.64	4.01	73.14	3.70	37.46
514.3	start	40.56	3.86	73.14	3.70	37.54
514.8	start	40.47	3.69	73.15	3.70	37.62
515.3	start	40.46	3.83	73.14	3.75	37.47
515.8	start	40.35	3.65	73.18	3.75	37.54
516.3	start	40.33	3.76	73.16	3.81	37.41
516.8	start	40.23	3.58	73.19	3.81	37.48
517.3	start	40.23	3.72	73.18	3.87	37.34
517.8	start	40.12	3.53	73.20	3.87	37.42
518.3	start	40.14	3.70	73.17	3.93	37.28
518.8	start	40.04	3.52	73.19	3.93	37.36
519.3	start	40.01	3.70	73.15	3.93	37.15
519.8	start	40.01	3.85	73.14	3.99	37.00
520.3	start	39.90	3.66	73.17	3.99	37.08
520.8	start	39.80	3.48	73.19	3.99	37.16
521.3	start	39.77	3.37	73.14	3.99	37.24
521.8	start	39.74	3.48	73.15	4.06	37.10
522.3	start	39.64	3.31	73.17	4.06	37.17
522.9	start	39.58	3.46	73.16	4.06	36.96
523.4	start	39.48	3.28	73.18	4.06	37.04
523.9	start	39.45	3.17	73.14	4.06	37.12
524.4	start	39.44	3.59	73.15	4.12	36.69
524.9	start	39.38	3.45	73.14	4.12	36.77
525.4	start	39.35	3.37	73.15	4.19	36.82
525.9	start	39.52	3.48	73.14	4.39	36.88
526.4	start	39.72	3.62	73.14	4.63	36.94
526.9	start	39.88	3.71	73.15	4.87	37.01
527.4	start	39.93	3.39	73.14	4.91	37.37
527.9	start	42.99	6.27	73.33	4.91	37.56
528.4	start	42.88	6.08	73.36	4.91	37.64
528.9	start	42.80	5.93	73.36	4.91	37.71
529.4	start	42.71	5.76	73.38	4.91	37.78
529.9	start	42.62	5.59	73.40	4.91	37.86
530.4	start	42.53	5.43	73.41	4.91	37.93
530.9	start	42.43	5.26	73.43	4.91	38.01
531.4	start	42.35	5.10	73.45	4.91	38.08
532.0	start	42.25	4.93	73.47	4.91	38.16
532.5	start	42.16	4.76	73.48	4.91	38.24
533.0	start	42.06	4.59	73.50	4.91	38.31
533.5	start	41.97	4.41	73.51	4.91	38.39
534.0	start	41.86	4.22	73.54	4.91	38.48
534.5	start	41.76	4.04	73.55	4.91	38.56
535.0	start	41.65	3.84	73.57	4.91	38.65
535.5	start	41.55	3.66	73.59	4.91	38.73
536.0	start	41.44	3.46	73.61	4.91	38.82
536.5	start	41.35	3.30	73.62	4.91	38.90
537.0	start	41.26	3.13	73.64	4.91	38.97
537.5	start	41.18	2.98	73.66	4.91	39.04
538.0	start	41.09	2.83	73.67	4.91	39.11
538.5	start	41.56	3.23	73.14	4.91	39.17
539.0	start	41.55	3.14	73.14	4.96	39.25
539.5	start	41.70	3.23	73.14	5.17	39.31
540.0	start	41.67	3.13	73.15	5.23	39.38
540.5	start	41.66	3.04	73.16	5.27	39.45
541.1	start	41.72	3.03	73.15	5.37	39.52
541.6	start	41.69	2.93	73.16	5.43	39.59
542.1	start	41.74	2.91	73.16	5.53	39.67
542.6	start	41.74	2.84	73.16	5.61	39.74
543.1	start	41.76	2.78	73.16	5.70	39.82
543.6	start	41.85	2.80	73.16	5.86	39.89
544.1	start	41.94	2.81	73.14	5.97	39.96
544.6	weights	43.89	4.68	73.45	6.01	40.05
545.1	weights	43.86	4.62	73.52	6.01	40.08
545.6	weights	43.82	4.58	73.47	6.01	40.08
546.1	weights	43.74	4.50	73.46	6.01	40.08
546.6	weights	43.65	4.41	73.47	6.01	40.08
547.1	weights	43.57	4.32	73.48	6.01	40.09
547.6	weights	41.88	2.77	75.16	6.04	39.98
548.1	weights	39.76	2.97	77.19	6.05	37.78
548.6	weights	37.10	3.05	79.99	6.08	34.88
549.1	weights	35.17	3.19	81.54	6.11	33.18
549.7	weights	33.49	3.10	83.54	6.11	31.23
550.2	weights	33.52	2.77	83.51	6.11	31.59
550.7	weights	33.52	2.40	83.51	6.11	31.96
551.2	weights	33.51	2.03	83.52	6.11	32.32
551.7	weights	33.52	1.67	83.51	6.11	32.69
552.2	weights	33.52	1.29	83.51	6.11	33.07
552.7	weights	33.52	0.86	83.52	6.11	33.49
553.2	weights	33.52	1.05	83.51	6.11	33.31
553.7	weights	33.52	0.92	83.51	6.11	33.44
554.2	weights	33.51	0.79	83.53	6.11	33.55
554.7	weights	33.51	0.96	83.53	6.11	33.39
555.2	weights	33.51	0.82	83.53	6.11	33.52
555.7	weights	33.56	1.02	83.53	6.17	33.39
556.2	weights	33.56	0.86	83.55	6.17	33.53
556.7	weights	33.62	0.77	83.55	6.24	33.69
557.2	weights	33.67	0.98	83.55	6.28	33.53
557.7	weights	33.67	0.92	83.54	6.28	33.59
558.3	weights	33.67	0.83	83.55	6.28	33.68
558.8	weights	33.62	0.76	83.55	6.33	33.81
559.3	weights	33.77	0.99	83.55	6.33	33.62
559.8	weights	33.77	0.89	83.55	6.33	33.72
560.3	weights	33.85	0.86	83.55	6.33	33.84
560.8	weights	33.86	0.85	83.55	6.33	33.85
561.3	weights	33.86	0.84	83.55	6.33	33.86
561.8	weights	33.86	0.84	83.55	6.33	33.86
562.3	weights	33.87	0.78	83.55	6.33	33.93
562.8	weights	33.86	1.00	83.55	6.33	33.71
563.3	weights	34.06	0.96	83.51	6.38	33.94
563.8	weights	34.06	0.87	83.51	6.38	34.03
564.3	weights	34.05	0.85	83.51	6.38	34.05
564.8	weights	34.05	0.89	83.52	6.38	34.01
565.3	weights	34.06	0.97	83.52	6.38	33.93
565.8	weights	34.06	0.85	83.52	6.39	34.05
566.3	weights	34.07	0.84	83.52	6.40	34.07
566.9	weights	34.08	0.78	83.52	6.41	34.13
567.4	weights	34.22	1.04	83.52	6.53	34.02
567.9	weights	34.22	0.90	83.52	6.53	34.16
568.4	weights	34.22	0.90	83.52	6.53	34.16
568.9	weights	34.21	0.83	83.54	6.53	34.22
569.4	weights	34.21	1.01	83.54	6.53	34.04
569.9	weights	34.21	0.86	83.54	6.53	34.19
570.4	weights	34.24	0.77	83.51	6.53	34.31
570.9	weights	34.23	0.94	83.52	6.53	34.13
571.4	weights	34.23	0.99	83.52	6.53	34.08
571.9	weights	34.23	0.87	83.52	6.53	34.19
572.4	weights	34.23	0.82	83.52	6.53	34.25
572.9	weights	34.22	0.91	83.52	6.53	34.16
573.4	weights	34.23	0.90	83.52	6.53	34.17
573.9	weights	34.23	0.77	83.52	6.53	34.30
574.4	weights	34.22	0.78	83.52	6.53	34.29
574.9	weights	34.22	0.76	83.52	6.53	34.30
575.4	weights	34.22	0.94	83.52	6.53	34.12
576.0	weights	34.22	0.91	83.52	6.53	34.16
576.5	weights	34.22	0.81	83.52	6.53	34.26
577.0	weights	34.22	0.88	83.53	6.53	34.18
577.5	weights	34.22	0.76	83.53	6.53	34.30
578.0	weights	34.22	0.82	83.53	6.53	34.24
578.5	weights	34.22	0.87	83.53	6.53	34.19
579.0	weights	34.22	0.92	83.53	6.53	34.14
579.5	weights	34.22	0.78	83.53	6.53	34.28
580.0	weights	34.21	0.80	83.53	6.53	34.26
580.5	weights	34.21	0.81	83.53	6.53	34.25
581.0	weights	34.21	0.83	83.53	6.53	34.23
581.5	weights	34.21	0.85	83.53	6.53	34.20
582.0	weights	34.21	0.84	83.53	6.53	34.22
582.5	weights	34.21	0.83	83.53	6.53	34.23
583.0	weights	34.21	0.80	83.53	6.53	34.26
583.5	weights	34.21	0.78	83.53	6.53	34.27
584.1	weights	34.23	0.78	83.51	6.53	34.30
584.6	weights	34.22	0.77	83.52	6.53	34.29
585.1	weights	34.14	0.76	83.54	6.53	34.22
585.6	weights	34.10	0.80	83.51	6.53	34.15
586.1	weights	34.04	0.80	83.52	6.53	34.08
586.6	weights	33.97	0.81	83.52	6.53	34.00
587.1	weights	33.90	0.81	83.54	6.53	33.93
587.6	weights	33.84	0.82	83.54	6.53	33.86
588.1	weights	33.76	0.81	83.56	6.53	33.79
588.6	weights	33.70	0.82	83.57	6.53	33.73
589.1	weights	33.65	0.83	83.56	6.53	33.66
589.6	weights	33.58	0.83	83.56	6.53	33.60
590.1	weights	33.52	0.83	83.57	6.53	33.53
590.6	weights	33.45	0.82	83.58	6.53	33.47
591.1	weights	33.38	0.81	83.59	6.53	33.41
591.6	weights	33.39	0.79	83.52	6.53	33.45
592.1	weights	33.33	0.78	83.53	6.53	33.39
592.6	weights	33.27	0.79	83.52	6.53	33.32
593.1	weights	33.19	0.77	83.54	6.53	33.27
593.7	weights	33.16	0.80	83.52	6.53	33.21
594.2	weights	33.11	0.81	83.51	6.53	33.15
594.7	weights	33.02	0.78	83.54	6.53	33.09
595.2	weights	32.96	0.77	83.55	6.53	33.03
595.7	weights	32.92	0.79	83.51	6.53	32.98
596.2	weights	32.86	0.77	83.52	6.53	32.93
596.7	weights	32.79	0.81	83.52	6.53	32.82
597.2	weights	34.04	2.12	83.68	6.53	32.77
597.7	weights	33.95	2.03	83.70	6.53	32.77
598.2	weights	33.88	1.96	83.72	6.53	32.77
598.7	weights	33.79	1.87	83.74	6.53	32.77
599.2	weights	33.70	1.78	83.76	6.53	32.77
599.7	weights	33.63	1.70	83.77	6.53	32.77
600.2	weights	33.55	1.63	83.79	6.53	32.77
600.7	weights	33.49	1.56	83.80	6.53	32.77
601.2	weights	33.41	1.48	83.81	6.53	32.77
601.7	weights	33.34	1.41	83.82	6.53	32.77
602.2	weights	33.27	1.34	83.84	6.53	32.77
602.8	weights	33.20	1.27	83.84	6.53	32.77
603.3	weights	33.13	1.20	83.86	6.53	32.77
603.8	weights	33.06	1.13	83.87	6.53	32.77
604.3	weights	32.98	1.06	83.88	6.53	32.77
604.8	weights	32.91	0.99	83.89	6.53	32.77
605.3	weights	32.84	0.91	83.91	6.53	32.77
605.8	weights	32.77	0.84	83.92	6.53	32.77
606.3	weights	32.70	0.77	83.93	6.53	32.77
606.8	weights	32.68	0.76	83.88	6.53	32.77
607.3	weights	32.65	0.83	83.84	6.53	32.68
607.8	weights	32.60	0.85	83.82	6.53	32.59
608.3	weights	32.54	0.88	83.81	6.53	32.51
608.8	weights	32.45	0.79	83.83	6.53	32.51
609.3	weights	32.42	0.84	83.80	6.53	32.42
609.8	weights	32.63	1.05	83.52	6.53	32.42
610.3	weights	32.55	0.97	83.54	6.53	32.42
610.8	weights	32.51	0.93	83.52	6.53	32.42
611.3	weights	32.44	0.87	83.52	6.53	32.42
611.9	weights	33.86	2.26	83.85	6.53	32.45
612.4	weights	33.78	2.18	83.86	6.53	32.45
612.9	weights	33.74	2.13	83.84	6.53	32.45
613.4	weights	33.66	2.06	83.84	6.53	32.45
613.9	weights	42.56	10.95	75.05	6.53	32.45
614.4	model_loaded	42.11	10.50	75.35	6.53	32.58
614.9	model_loaded	41.94	10.31	75.35	6.53	32.59
615.4	model_loaded	41.91	10.28	75.35	6.53	32.59
615.9	model_loaded	41.77	10.14	75.36	6.53	32.59
616.4	model_loaded	41.66	10.03	75.36	6.53	32.59
616.9	model_loaded	41.66	10.03	75.36	6.53	32.59
617.4	model_loaded	41.53	9.90	75.36	6.53	32.59
617.9	model_loaded	41.51	9.88	75.43	6.53	32.59
618.4	model_loaded	41.51	9.88	75.43	6.53	32.59
618.9	model_loaded	41.51	9.88	75.38	6.53	32.59
619.4	model_loaded	40.11	8.47	75.75	6.53	32.85
619.9	model_loaded	39.90	7.95	75.91	6.53	33.16
620.4	model_loaded	38.35	6.16	77.39	6.53	33.41
621.0	model_loaded	38.35	6.16	77.39	6.53	33.41
621.5	model_loaded	38.35	6.16	77.39	6.53	33.41
622.0	model_loaded	38.35	6.16	77.40	6.53	33.41
622.5	model_loaded	38.35	6.16	77.40	6.53	33.41
623.0	model_loaded	38.35	6.16	77.40	6.53	33.41
623.5	model_loaded	38.35	6.16	77.40	6.53	33.41
624.0	model_loaded	38.35	6.16	77.40	6.53	33.41
624.5	model_loaded	38.35	6.16	77.40	6.53	33.41
625.0	model_loaded	38.35	6.16	77.40	6.53	33.41
625.5	model_loaded	38.35	6.16	77.40	6.53	33.41
626.0	model_loaded	38.35	6.16	77.40	6.53	33.41
626.5	model_loaded	38.35	6.16	77.40	6.53	33.41
627.0	model_loaded	38.35	6.16	77.40	6.53	33.41
627.5	model_loaded	38.35	6.16	77.40	6.53	33.41
628.0	model_loaded	38.35	6.16	77.40	6.53	33.41
628.5	model_loaded	38.35	6.15	77.40	6.53	33.41
629.0	model_loaded	38.34	6.14	77.40	6.53	33.41
629.6	model_loaded	38.70	6.47	77.40	6.53	33.45
630.1	model_loaded	38.70	6.44	77.40	6.53	33.47
630.6	model_loaded	38.69	6.41	77.40	6.53	33.50
631.1	model_loaded	38.65	6.35	77.41	6.53	33.52
631.6	model_loaded	38.53	6.22	77.40	6.53	33.52
632.1	model_loaded	40.16	7.80	75.90	6.53	33.58
632.6	model_loaded	39.44	7.07	76.55	6.53	33.58
633.1	model_loaded	39.42	7.05	76.56	6.53	33.58
633.6	model_loaded	39.53	7.17	76.45	6.53	33.58
634.1	model_loaded	39.03	6.66	76.87	6.53	33.59
634.6	model_loaded	40.58	8.20	75.80	6.53	33.59
635.1	capturing	39.53	7.15	76.82	6.53	33.60
635.6	capturing	39.43	7.03	76.92	6.53	33.61
636.1	capturing	39.38	6.98	76.94	6.53	33.62
636.6	capturing	39.62	7.22	76.95	6.53	33.37
637.1	capturing	39.62	7.21	76.95	6.53	33.37
637.6	capturing	39.65	7.24	76.90	6.53	33.37
638.1	capturing	39.71	7.31	76.89	6.53	33.37
638.7	capturing	39.73	7.32	76.87	6.53	33.37
639.2	capturing	39.71	7.24	76.87	6.52	33.44
639.7	capturing	39.71	7.12	76.85	6.52	33.55
640.2	capturing	41.40	8.81	76.77	5.57	33.39
640.7	capturing	67.67	35.08	51.14	5.57	33.35
641.2	capturing	118.27	85.68	1.29	5.57	33.35
641.7	capturing	118.18	85.60	1.29	5.57	33.35
642.2	capturing	118.09	85.50	1.29	5.57	33.35
642.7	capturing	117.98	85.39	1.29	5.57	33.35
643.2	capturing	117.93	85.34	1.27	5.57	33.35
643.7	capturing	117.92	85.33	1.28	5.57	33.35
644.2	capturing	117.95	85.36	1.22	5.56	33.35
644.7	capturing	118.40	85.81	1.19	3.82	33.35
645.2	capturing	118.30	85.71	1.19	3.82	33.35
645.7	capturing	118.24	85.65	1.19	3.82	33.35
646.2	capturing	118.20	85.61	1.20	3.77	33.35
646.8	capturing	118.15	85.56	1.19	3.74	33.35
647.3	capturing	118.09	85.50	1.22	3.68	33.35
647.8	capturing	118.06	85.47	1.19	3.68	33.35
648.3	capturing	117.97	85.38	1.19	3.68	33.35
648.8	capturing	117.86	85.27	1.20	3.68	33.35
649.3	capturing	117.79	85.19	1.18	3.68	33.35
649.8	capturing	117.71	85.12	1.18	3.68	33.35
650.3	capturing	117.65	85.06	1.17	3.66	33.35
650.8	capturing	117.58	84.99	1.17	3.66	33.35
651.3	capturing	117.52	84.93	1.17	3.65	33.35
651.8	capturing	117.54	84.94	1.18	3.59	33.35
652.3	capturing	117.48	84.88	1.18	3.59	33.35
652.8	capturing	117.48	84.88	1.17	3.57	33.35
653.3	capturing	117.43	84.84	1.17	3.57	33.35
653.8	capturing	118.45	85.86	1.17	1.76	33.35
654.4	capturing	118.53	85.94	1.10	1.67	33.35
