2026/09/25 03:21:33.919, 2405 MHz, 10.92 W, 40, 0x0000000000000000, 0 %
2026/09/25 03:21:34.182, 2405 MHz, 10.93 W, 40, 0x0000000000000000, 0 %
2026/09/25 03:21:34.432, 2405 MHz, 10.93 W, 40, 0x0000000000000000, 0 %
2026/09/25 03:21:34.683, 2405 MHz, 10.94 W, 40, 0x0000000000000000, 0 %
2026/09/25 03:21:34.934, 2405 MHz, 10.94 W, 40, 0x0000000000000000, 0 %
2026/09/25 03:21:35.184, 2405 MHz, 10.93 W, 40, 0x0000000000000000, 0 %
2026/09/25 03:21:35.435, 2405 MHz, 10.93 W, 40, 0x0000000000000000, 0 %
2026/09/25 03:21:35.686, 2405 MHz, 10.90 W, 40, 0x0000000000000000, 0 %
2026/09/25 03:21:35.937, 2405 MHz, 10.90 W, 40, 0x0000000000000000, 0 %
2026/09/25 03:21:36.187, 2405 MHz, 10.91 W, 40, 0x0000000000000000, 0 %
2026/09/25 03:21:36.438, 2405 MHz, 10.91 W, 40, 0x0000000000000000, 0 %
2026/09/25 03:21:36.688, 2405 MHz, 10.91 W, 40, 0x0000000000000000, 0 %
2026/09/25 03:21:36.939, 2405 MHz, 10.91 W, 40, 0x0000000000000000, 0 %
2026/09/25 03:21:37.190, 2405 MHz, 10.91 W, 40, 0x0000000000000000, 0 %
2026/09/25 03:21:37.440, 2405 MHz, 10.91 W, 40, 0x0000000000000000, 0 %
2026/09/25 03:21:37.691, 2405 MHz, 10.91 W, 40, 0x0000000000000000, 0 %
2026/09/25 03:21:37.942, 2405 MHz, 10.91 W, 40, 0x0000000000000000, 0 %
2026/09/25 03:21:38.192, 2405 MHz, 10.91 W, 40, 0x0000000000000000, 0 %
2026/09/25 03:21:38.443, 2405 MHz, 10.91 W, 40, 0x0000000000000000, 0 %
2026/09/25 03:21:38.694, 2405 MHz, 10.91 W, 40, 0x0000000000000000, 0 %
2026/09/25 03:21:38.944, 2405 MHz, 10.96 W, 40, 0x0000000000000000, 0 %
2026/09/25 03:21:39.194, 2405 MHz, 10.96 W, 40, 0x0000000000000000, 0 %
2026/09/25 03:21:39.445, 2548 MHz, 19.98 W, 43, 0x0000000000000000, 95 %
2026/09/25 03:21:39.695, 2548 MHz, 19.98 W, 43, 0x0000000000000000, 95 %
2026/09/25 03:21:39.945, 2548 MHz, 29.37 W, 43, 0x0000000000000000, 95 %
2026/09/25 03:21:40.196, 2548 MHz, 29.37 W, 43, 0x0000000000000000, 95 %
2026/09/25 03:21:40.446, 2548 MHz, 29.99 W, 44, 0x0000000000000000, 95 %
2026/09/25 03:21:40.696, 2548 MHz, 29.99 W, 44, 0x0000000000000000, 95 %
2026/09/25 03:21:40.946, 2548 MHz, 30.05 W, 44, 0x0000000000000000, 95 %
2026/09/25 03:21:41.197, 2548 MHz, 30.05 W, 44, 0x0000000000000000, 95 %
2026/09/25 03:21:41.447, 2528 MHz, 29.98 W, 44, 0x0000000000000000, 95 %
2026/09/25 03:21:41.698, 2528 MHz, 29.98 W, 44, 0x0000000000000000, 95 %
2026/09/25 03:21:41.948, 2528 MHz, 29.99 W, 44, 0x0000000000000000, 95 %
2026/09/25 03:21:42.199, 2528 MHz, 29.99 W, 44, 0x0000000000000000, 95 %
2026/09/25 03:21:42.449, 2528 MHz, 29.88 W, 44, 0x0000000000000000, 95 %
2026/09/25 03:21:42.699, 2528 MHz, 29.88 W, 44, 0x0000000000000000, 95 %
2026/09/25 03:21:42.950, 2528 MHz, 29.98 W, 45, 0x0000000000000000, 95 %
2026/09/25 03:21:43.200, 2528 MHz, 29.98 W, 45, 0x0000000000000000, 95 %
2026/09/25 03:21:43.450, 2528 MHz, 30.04 W, 45, 0x0000000000000000, 95 %
2026/09/25 03:21:43.701, 2528 MHz, 30.04 W, 45, 0x0000000000000000, 95 %
2026/09/25 03:21:43.951, 2528 MHz, 29.88 W, 45, 0x0000000000000000, 95 %
2026/09/25 03:21:44.202, 2528 MHz, 29.88 W, 45, 0x0000000000000000, 95 %
2026/09/25 03:21:44.452, 2528 MHz, 29.95 W, 45, 0x0000000000000000, 95 %
2026/09/25 03:21:44.702, 2528 MHz, 29.95 W, 45, 0x0000000000000000, 95 %
2026/09/25 03:21:44.952, 2528 MHz, 30.07 W, 45, 0x0000000000000000, 95 %
2026/09/25 03:21:45.203, 2528 MHz, 30.07 W, 45, 0x0000000000000000, 95 %
2026/09/25 03:21:45.453, 2528 MHz, 30.22 W, 45, 0x0000000000000000, 95 %
2026/09/25 03:21:45.703, 2528 MHz, 30.22 W, 45, 0x0000000000000000, 95 %
2026/09/25 03:21:45.954, 2528 MHz, 30.36 W, 45, 0x0000000000000000, 95 %
2026/09/25 03:21:46.205, 2528 MHz, 30.36 W, 45, 0x0000000000000000, 95 %
2026/09/25 03:21:46.455, 2528 MHz, 30.34 W, 45, 0x0000000000000000, 95 %
2026/09/25 03:21:46.705, 2528 MHz, 30.34 W, 45, 0x0000000000000000, 95 %
2026/09/25 03:21:46.956, 2528 MHz, 30.37 W, 45, 0x0000000000000000, 95 %
2026/09/25 03:21:47.206, 2528 MHz, 30.37 W, 45, 0x0000000000000000, 95 %
2026/09/25 03:21:47.456, 2528 MHz, 30.29 W, 45, 0x0000000000000000, 95 %
2026/09/25 03:21:47.706, 2528 MHz, 30.29 W, 45, 0x0000000000000000, 95 %
2026/09/25 03:21:47.957, 2528 MHz, 30.21 W, 46, 0x0000000000000000, 95 %
2026/09/25 03:21:48.207, 2528 MHz, 30.21 W, 46, 0x0000000000000000, 95 %
2026/09/25 03:21:48.458, 2528 MHz, 30.48 W, 46, 0x0000000000000000, 95 %
2026/09/25 03:21:48.708, 2528 MHz, 30.48 W, 46, 0x0000000000000000, 95 %
2026/09/25 03:21:48.958, 2528 MHz, 30.57 W, 46, 0x0000000000000000, 95 %
2026/09/25 03:21:49.209, 2528 MHz, 30.57 W, 46, 0x0000000000000000, 95 %
2026/09/25 03:21:49.459, 2528 MHz, 30.58 W, 46, 0x0000000000000000, 95 %
2026/09/25 03:21:49.709, 2528 MHz, 30.58 W, 46, 0x0000000000000000, 95 %
2026/09/25 03:21:49.959, 2528 MHz, 30.72 W, 46, 0x0000000000000000, 95 %
2026/09/25 03:21:50.210, 2528 MHz, 30.72 W, 46, 0x0000000000000000, 95 %
2026/09/25 03:21:50.460, 2528 MHz, 30.73 W, 46, 0x0000000000000000, 95 %
2026/09/25 03:21:50.711, 2528 MHz, 30.73 W, 46, 0x0000000000000000, 95 %
2026/09/25 03:21:50.961, 2528 MHz, 30.71 W, 46, 0x0000000000000000, 95 %
2026/09/25 03:21:51.211, 2528 MHz, 30.71 W, 46, 0x0000000000000000, 95 %
2026/09/25 03:21:51.462, 2528 MHz, 30.73 W, 46, 0x0000000000000000, 95 %
2026/09/25 03:21:51.712, 2528 MHz, 30.73 W, 46, 0x0000000000000000, 95 %
2026/09/25 03:21:51.962, 2528 MHz, 30.75 W, 46, 0x0000000000000000, 95 %
2026/09/25 03:21:52.212, 2528 MHz, 30.75 W, 46, 0x0000000000000000, 95 %
2026/09/25 03:21:52.462, 2528 MHz, 30.76 W, 46, 0x0000000000000000, 95 %
2026/09/25 03:21:52.713, 2528 MHz, 30.76 W, 46, 0x0000000000000000, 95 %
2026/09/25 03:21:52.963, 2528 MHz, 30.51 W, 46, 0x0000000000000000, 95 %
2026/09/25 03:21:53.214, 2528 MHz, 30.51 W, 46, 0x0000000000000000, 95 %
2026/09/25 03:21:53.464, 2528 MHz, 30.45 W, 47, 0x0000000000000000, 95 %
2026/09/25 03:21:53.714, 2528 MHz, 30.45 W, 47, 0x0000000000000000, 95 %
2026/09/25 03:21:53.964, 2528 MHz, 30.60 W, 47, 0x0000000000000000, 95 %
2026/09/25 03:21:54.214, 2528 MHz, 30.60 W, 47, 0x0000000000000000, 95 %
2026/09/25 03:21:54.465, 2528 MHz, 30.61 W, 47, 0x0000000000000000, 95 %
2026/09/25 03:21:54.715, 2528 MHz, 30.61 W, 47, 0x0000000000000000, 95 %
2026/09/25 03:21:54.965, 2528 MHz, 30.73 W, 47, 0x0000000000000000, 95 %
2026/09/25 03:21:55.215, 2528 MHz, 30.73 W, 47, 0x0000000000000000, 95 %
2026/09/25 03:21:55.465, 2528 MHz, 30.64 W, 47, 0x0000000000000000, 95 %
2026/09/25 03:21:55.716, 2528 MHz, 30.64 W, 47, 0x0000000000000000, 95 %
2026/09/25 03:21:55.966, 2528 MHz, 30.62 W, 47, 0x0000000000000000, 95 %
2026/09/25 03:21:56.216, 2528 MHz, 30.62 W, 47, 0x0000000000000000, 95 %
2026/09/25 03:21:56.466, 2528 MHz, 30.82 W, 47, 0x0000000000000000, 95 %
2026/09/25 03:21:56.716, 2528 MHz, 30.82 W, 47, 0x0000000000000000, 95 %
2026/09/25 03:21:56.967, 2528 MHz, 30.96 W, 47, 0x0000000000000000, 95 %
2026/09/25 03:21:57.217, 2528 MHz, 30.96 W, 47, 0x0000000000000000, 95 %
2026/09/25 03:21:57.467, 2528 MHz, 30.87 W, 47, 0x0000000000000000, 95 %
2026/09/25 03:21:57.717, 2528 MHz, 30.87 W, 47, 0x0000000000000000, 95 %
2026/09/25 03:21:57.967, 2528 MHz, 30.67 W, 47, 0x0000000000000000, 95 %
2026/09/25 03:21:58.217, 2528 MHz, 30.67 W, 47, 0x0000000000000000, 95 %
2026/09/25 03:21:58.468, 2528 MHz, 30.72 W, 47, 0x0000000000000000, 95 %
2026/09/25 03:21:58.718, 2528 MHz, 30.72 W, 47, 0x0000000000000000, 95 %
2026/09/25 03:21:58.968, 2528 MHz, 30.84 W, 47, 0x0000000000000000, 95 %
2026/09/25 03:21:59.218, 2528 MHz, 30.84 W, 47, 0x0000000000000000, 95 %
2026/09/25 03:21:59.469, 2528 MHz, 30.82 W, 47, 0x0000000000000000, 95 %
2026/09/25 03:21:59.719, 2528 MHz, 30.82 W, 47, 0x0000000000000000, 95 %
2026/09/25 03:21:59.969, 2528 MHz, 30.65 W, 47, 0x0000000000000000, 95 %
2026/09/25 03:22:00.219, 2528 MHz, 30.65 W, 47, 0x0000000000000000, 95 %
2026/09/25 03:22:00.469, 2528 MHz, 30.67 W, 48, 0x0000000000000000, 95 %
2026/09/25 03:22:00.720, 2528 MHz, 30.67 W, 48, 0x0000000000000000, 95 %
2026/09/25 03:22:00.970, 2528 MHz, 30.66 W, 48, 0x0000000000000000, 95 %
2026/09/25 03:22:01.220, 2528 MHz, 30.66 W, 48, 0x0000000000000000, 95 %
2026/09/25 03:22:01.470, 2528 MHz, 30.81 W, 48, 0x0000000000000000, 95 %
2026/09/25 03:22:01.721, 2528 MHz, 30.81 W, 48, 0x0000000000000000, 95 %
2026/09/25 03:22:01.971, 2528 MHz, 30.86 W, 48, 0x0000000000000000, 95 %
2026/09/25 03:22:02.221, 2528 MHz, 30.86 W, 48, 0x0000000000000000, 95 %
2026/09/25 03:22:02.471, 2528 MHz, 30.83 W, 48, 0x0000000000000000, 95 %
2026/09/25 03:22:02.721, 2528 MHz, 30.83 W, 48, 0x0000000000000000, 95 %
2026/09/25 03:22:02.972, 2528 MHz, 30.81 W, 48, 0x0000000000000000, 95 %
2026/09/25 03:22:03.222, 2528 MHz, 30.81 W, 48, 0x0000000000000000, 95 %
2026/09/25 03:22:03.472, 2528 MHz, 31.00 W, 48, 0x0000000000000000, 95 %
2026/09/25 03:22:03.723, 2528 MHz, 31.00 W, 48, 0x0000000000000000, 95 %
2026/09/25 03:22:03.973, 2528 MHz, 31.17 W, 48, 0x0000000000000000, 95 %
2026/09/25 03:22:04.223, 2528 MHz, 31.17 W, 48, 0x0000000000000000, 95 %
2026/09/25 03:22:04.474, 2528 MHz, 31.07 W, 48, 0x0000000000000000, 95 %
2026/09/25 03:22:04.724, 2528 MHz, 31.07 W, 48, 0x0000000000000000, 95 %
2026/09/25 03:22:04.974, 2528 MHz, 31.06 W, 48, 0x0000000000000000, 95 %
2026/09/25 03:22:05.225, 2528 MHz, 31.06 W, 48, 0x0000000000000000, 95 %
2026/09/25 03:22:05.475, 2528 MHz, 30.93 W, 49, 0x0000000000000000, 95 %
2026/09/25 03:22:05.725, 2528 MHz, 30.93 W, 49, 0x0000000000000000, 95 %
2026/09/25 03:22:05.975, 2528 MHz, 30.83 W, 48, 0x0000000000000000, 95 %
2026/09/25 03:22:06.226, 2528 MHz, 30.83 W, 48, 0x0000000000000000, 95 %
2026/09/25 03:22:06.476, 2528 MHz, 30.90 W, 48, 0x0000000000000000, 95 %
2026/09/25 03:22:06.726, 2528 MHz, 30.90 W, 48, 0x0000000000000000, 95 %
2026/09/25 03:22:06.976, 2528 MHz, 30.96 W, 49, 0x0000000000000000, 95 %
2026/09/25 03:22:07.227, 2528 MHz, 30.96 W, 49, 0x0000000000000000, 95 %
2026/09/25 03:22:07.477, 2528 MHz, 30.92 W, 48, 0x0000000000000000, 95 %
2026/09/25 03:22:07.727, 2528 MHz, 30.92 W, 48, 0x0000000000000000, 95 %
2026/09/25 03:22:07.977, 2528 MHz, 30.90 W, 49, 0x0000000000000000, 95 %
2026/09/25 03:22:08.227, 2528 MHz, 30.90 W, 49, 0x0000000000000000, 95 %
2026/09/25 03:22:08.478, 2528 MHz, 31.02 W, 49, 0x0000000000000000, 95 %
2026/09/25 03:22:08.728, 2528 MHz, 31.02 W, 49, 0x0000000000000000, 95 %
2026/09/25 03:22:08.978, 2528 MHz, 31.04 W, 49, 0x0000000000000000, 95 %
2026/09/25 03:22:09.228, 2528 MHz, 31.04 W, 49, 0x0000000000000000, 95 %
2026/09/25 03:22:09.478, 2528 MHz, 30.87 W, 49, 0x0000000000000000, 95 %
2026/09/25 03:22:09.729, 2528 MHz, 30.87 W, 49, 0x0000000000000000, 95 %
2026/09/25 03:22:09.979, 2528 MHz, 30.95 W, 49, 0x0000000000000000, 95 %
2026/09/25 03:22:10.229, 2528 MHz, 30.95 W, 49, 0x0000000000000000, 95 %
2026/09/25 03:22:10.479, 2528 MHz, 31.05 W, 48, 0x0000000000000000, 95 %
2026/09/25 03:22:10.729, 2528 MHz, 31.05 W, 48, 0x0000000000000000, 95 %
2026/09/25 03:22:10.980, 2528 MHz, 30.98 W, 49, 0x0000000000000000, 95 %
2026/09/25 03:22:11.230, 2528 MHz, 30.98 W, 49, 0x0000000000000000, 95 %
2026/09/25 03:22:11.480, 2528 MHz, 31.00 W, 49, 0x0000000000000000, 95 %
2026/09/25 03:22:11.730, 2528 MHz, 31.00 W, 49, 0x0000000000000000, 95 %
2026/09/25 03:22:11.980, 2528 MHz, 31.10 W, 49, 0x0000000000000000, 95 %
2026/09/25 03:22:12.231, 2528 MHz, 31.10 W, 49, 0x0000000000000000, 95 %
2026/09/25 03:22:12.481, 2528 MHz, 31.15 W, 49, 0x0000000000000000, 95 %
2026/09/25 03:22:12.731, 2528 MHz, 31.15 W, 49, 0x0000000000000000, 95 %
2026/09/25 03:22:12.982, 2528 MHz, 31.18 W, 49, 0x0000000000000000, 95 %
2026/09/25 03:22:13.232, 2528 MHz, 31.18 W, 49, 0x0000000000000000, 95 %
2026/09/25 03:22:13.482, 2528 MHz, 31.28 W, 49, 0x0000000000000000, 95 %
2026/09/25 03:22:13.733, 2528 MHz, 31.28 W, 49, 0x0000000000000000, 95 %
2026/09/25 03:22:13.983, 2528 MHz, 31.50 W, 49, 0x0000000000000000, 95 %
2026/09/25 03:22:14.233, 2528 MHz, 31.50 W, 49, 0x0000000000000000, 95 %
2026/09/25 03:22:14.483, 2528 MHz, 31.27 W, 49, 0x0000000000000000, 95 %
2026/09/25 03:22:14.734, 2528 MHz, 31.27 W, 49, 0x0000000000000000, 95 %
2026/09/25 03:22:14.984, 2528 MHz, 31.16 W, 49, 0x0000000000000000, 95 %
2026/09/25 03:22:15.234, 2528 MHz, 31.16 W, 49, 0x0000000000000000, 95 %
2026/09/25 03:22:15.484, 2515 MHz, 26.67 W, 47, 0x0000000000000000, 0 %
2026/09/25 03:22:15.734, 2515 MHz, 26.67 W, 47, 0x0000000000000000, 0 %
2026/09/25 03:22:15.984, 2411 MHz, 17.12 W, 46, 0x0000000000000000, 0 %
2026/09/25 03:22:16.235, 2411 MHz, 17.12 W, 46, 0x0000000000000000, 0 %
2026/09/25 03:22:16.485, 2411 MHz, 11.75 W, 46, 0x0000000000000000, 0 %
2026/09/25 03:22:16.735, 2411 MHz, 11.75 W, 46, 0x0000000000000000, 0 %
2026/09/25 03:22:16.987, 2411 MHz, 11.69 W, 46, 0x0000000000000000, 0 %
2026/09/25 03:22:17.238, 2411 MHz, 11.69 W, 46, 0x0000000000000000, 0 %
2026/09/25 03:22:17.488, 2411 MHz, 11.65 W, 46, 0x0000000000000000, 0 %
2026/09/25 03:22:17.739, 2411 MHz, 11.65 W, 46, 0x0000000000000000, 0 %
2026/09/25 03:22:17.989, 2411 MHz, 11.64 W, 46, 0x0000000000000000, 0 %
2026/09/25 03:22:18.240, 2411 MHz, 11.64 W, 46, 0x0000000000000000, 0 %
2026/09/25 03:22:18.491, 2411 MHz, 11.65 W, 46, 0x0000000000000000, 0 %
2026/09/25 03:22:18.741, 2411 MHz, 11.65 W, 46, 0x0000000000000000, 0 %
2026/09/25 03:22:18.992, 2411 MHz, 11.63 W, 46, 0x0000000000000000, 0 %
2026/09/25 03:22:19.242, 2411 MHz, 11.63 W, 46, 0x0000000000000000, 0 %
2026/09/25 03:22:19.493, 2411 MHz, 11.59 W, 45, 0x0000000000000000, 0 %
2026/09/25 03:22:19.743, 2411 MHz, 11.59 W, 45, 0x0000000000000000, 0 %
2026/09/25 03:22:19.994, 2411 MHz, 11.58 W, 45, 0x0000000000000000, 0 %
