Time (%),Total Time (ns),Num Calls,Avg (ns),Med (ns),Min (ns),Max (ns),StdDev (ns),Name
57.9,6503168512,23618,275348.0,4416.0,2224,13279872,1187237.7,cuLaunchKernelEx
28.6,3216623472,6081,528962.9,13168.0,2416,13255776,1848023.8,cudaLaunchKernel
12.2,1371099936,10,137109993.6,8736.0,5376,347530688,177020235.6,cudaEventSynchronize
0.7,73037920,1,73037920.0,73037920.0,73037920,73037920,0.0,cuModuleLoadData
0.6,70489008,126,559436.6,5416.0,2912,62849296,5597680.3,cudaMemcpyAsync
0.0,348272,6081,57.3,48.0,16,2864,77.3,cuKernelGetName
0.0,77488,10,7748.8,5080.0,3040,21408,5807.8,cudaEventRecordWithFlags_v11010
0.0,34544,31,1114.3,544.0,144,3184,1030.5,cudaStreamIsCapturing_v10000
0.0,34144,2,17072.0,17072.0,1280,32864,22333.3,cudaDeviceSynchronize
0.0,22448,1,22448.0,22448.0,22448,22448,0.0,cudaMemsetAsync
0.0,5008,1,5008.0,5008.0,5008,5008,0.0,cuProfilerStart
0.0,2688,1,2688.0,2688.0,2688,2688,0.0,cudaStreamSynchronize
